Date,Location,Person,Movement type
23.11.2015 06:37,Vessel 235098384,P1,Exit
23.11.2015 06:37,Vessel 235098384,P1,Enter
23.11.2015 06:50,Vessel 235098384,P2,Enter
23.11.2015 06:56,Vessel 235103572,P3,Enter
23.11.2015 06:57,Vessel 235103572,P4,Enter
23.11.2015 06:57,Vessel 235103572,P5,Enter
23.11.2015 07:03,Vessel 235090838,P6,Enter
23.11.2015 07:03,Vessel 235090838,P7,Enter
23.11.2015 07:03,Vessel 235090838,P8,Enter
23.11.2015 07:14,Vessel 235100575,P9,Enter
23.11.2015 07:14,Vessel 235100575,P10,Enter
23.11.2015 07:21,Vessel 235100575,P11,Enter
23.11.2015 07:21,Vessel 235098384,P12,Enter
23.11.2015 07:22,Vessel 235096731,P13,Enter
23.11.2015 07:23,Vessel 235096731,P14,Enter
23.11.2015 07:23,Vessel 235090838,P15,Enter
23.11.2015 07:24,Vessel 235098384,P16,Enter
23.11.2015 07:24,Vessel 235090838,P17,Enter
23.11.2015 07:24,Vessel 235098384,P18,Enter
23.11.2015 07:24,Vessel 235090838,P19,Enter
23.11.2015 07:24,Vessel 235098384,P20,Enter
23.11.2015 07:24,Vessel 235096731,P21,Enter
23.11.2015 07:24,Vessel 235098384,P22,Enter
23.11.2015 07:25,Vessel 235096731,P23,Enter
23.11.2015 07:25,Vessel 235103572,P24,Enter
23.11.2015 07:25,Vessel 235103572,P25,Enter
23.11.2015 07:26,Vessel 235098384,P26,Enter
23.11.2015 07:26,Vessel 235103572,P27,Enter
23.11.2015 07:27,Vessel 235103572,P28,Enter
23.11.2015 07:28,Vessel 235098384,P29,Enter
23.11.2015 07:28,Vessel 235090838,P30,Enter
23.11.2015 07:28,Vessel 235096731,P31,Enter
23.11.2015 07:29,Vessel 235098384,P32,Enter
23.11.2015 07:29,Vessel 235096731,P33,Enter
23.11.2015 07:30,Vessel 235098384,P34,Enter
23.11.2015 07:30,Vessel 235103572,P35,Enter
23.11.2015 07:31,Vessel 235090838,P36,Enter
23.11.2015 07:31,Vessel 235103572,P37,Enter
23.11.2015 07:32,Vessel 235103572,P38,Enter
23.11.2015 07:32,Vessel 235103572,P39,Enter
23.11.2015 07:33,Vessel 235098384,P40,Enter
23.11.2015 07:33,Vessel 235108059,P41,Enter
23.11.2015 07:34,Vessel 235108059,P42,Enter
23.11.2015 07:34,Vessel 235108059,P43,Enter
23.11.2015 07:35,Vessel 235098384,P44,Enter
23.11.2015 07:37,Vessel 235100575,P45,Enter
23.11.2015 07:38,Vessel 235100575,P46,Enter
23.11.2015 07:38,Vessel 235100575,P47,Enter
23.11.2015 07:38,Vessel 235100575,P48,Enter
23.11.2015 07:38,Vessel 235098384,P49,Enter
23.11.2015 07:39,Vessel 235108059,P50,Enter
23.11.2015 07:39,Vessel 235100575,P51,Enter
23.11.2015 07:39,Vessel 235100575,P52,Enter
23.11.2015 07:40,Vessel 235108059,P53,Enter
23.11.2015 07:40,Vessel 235100575,P54,Enter
23.11.2015 07:40,Vessel 235100575,P55,Enter
23.11.2015 07:42,Vessel 235090838,P56,Enter
23.11.2015 07:42,Vessel 235090838,P57,Enter
23.11.2015 07:50,Vessel 235090838,P58,Enter
23.11.2015 07:50,Vessel 235108059,P59,Enter
23.11.2015 07:50,Vessel 235108059,P60,Enter
23.11.2015 07:55,Vessel 235108059,P61,Enter
23.11.2015 08:33,Vessel 235098384,P20,Exit
23.11.2015 08:33,H4P,P20,Enter
23.11.2015 08:36,Vessel 235098384,P49,Exit
23.11.2015 08:36,H4P,P49,Enter
23.11.2015 08:36,Vessel 235098384,P29,Exit
23.11.2015 08:36,H4P,P29,Enter
23.11.2015 08:37,Vessel 235098384,P44,Exit
23.11.2015 08:37,H4P,P44,Enter
23.11.2015 08:37,Vessel 235090838,P56,Exit
23.11.2015 08:37,E11B,P56,Enter
23.11.2015 08:37,Vessel 235090838,P36,Exit
23.11.2015 08:37,E11B,P36,Enter
23.11.2015 08:38,Vessel 235090838,P15,Exit
23.11.2015 08:38,E11B,P15,Enter
23.11.2015 08:40,Vessel 235090838,P30,Exit
23.11.2015 08:40,E11B,P30,Enter
23.11.2015 08:43,Vessel 235108059,P59,Exit
23.11.2015 08:43,C5A,P59,Enter
23.11.2015 08:43,Vessel 235108059,P50,Exit
23.11.2015 08:43,C5A,P50,Enter
23.11.2015 08:50,Vessel 235096731,P21,Exit
23.11.2015 08:50,Vessel 235096731,P21,Exit
23.11.2015 08:51,K2M,P21,Enter
23.11.2015 08:51,Vessel 235096731,P31,Exit
23.11.2015 08:51,K2M,P31,Enter
23.11.2015 08:51,Vessel 235096731,P33,Exit
23.11.2015 08:51,K2M,P33,Enter
23.11.2015 08:51,Vessel 235096731,P23,Exit
23.11.2015 08:51,K2M,P23,Enter
23.11.2015 08:51,Vessel 235096731,P13,Exit
23.11.2015 08:51,K2M,P13,Enter
23.11.2015 08:51,Vessel 235108059,P60,Exit
23.11.2015 08:51,C5A,P60,Enter
23.11.2015 08:51,Vessel 235103572,P28,Exit
23.11.2015 08:51,H7R,P28,Enter
23.11.2015 08:52,Vessel 235103572,P35,Exit
23.11.2015 08:52,H7R,P35,Enter
23.11.2015 08:52,H7R,P28,Exit
23.11.2015 08:52,Vessel 235103572,P28,Enter
23.11.2015 08:52,H7R,P35,Exit
23.11.2015 08:52,Vessel 235103572,P35,Enter
23.11.2015 08:58,Vessel 235103572,P38,Exit
23.11.2015 08:58,E6R,P38,Enter
23.11.2015 08:58,Vessel 235103572,P25,Exit
23.11.2015 08:58,E6R,P25,Enter
23.11.2015 09:00,Vessel 235103572,P27,Exit
23.11.2015 09:00,E6R,P27,Enter
23.11.2015 09:00,Vessel 235103572,P24,Exit
23.11.2015 09:00,E6R,P24,Enter
23.11.2015 09:02,Vessel 235108059,P61,Exit
23.11.2015 09:02,E7J,P61,Enter
23.11.2015 09:02,Vessel 235108059,P53,Exit
23.11.2015 09:02,E7J,P53,Enter
23.11.2015 09:03,Vessel 235103572,P37,Exit
23.11.2015 09:03,E6R,P37,Enter
23.11.2015 09:04,Vessel 235090838,P17,Exit
23.11.2015 09:04,E8J,P17,Enter
23.11.2015 09:04,Vessel 235090838,P57,Exit
23.11.2015 09:04,E8J,P57,Enter
23.11.2015 09:04,Vessel 235090838,P19,Exit
23.11.2015 09:04,E8J,P19,Enter
23.11.2015 09:05,Vessel 235090838,P58,Exit
23.11.2015 09:05,E8J,P58,Enter
23.11.2015 09:05,Vessel 235098384,P12,Exit
23.11.2015 09:05,D7B,P12,Enter
23.11.2015 09:07,Vessel 235100575,P48,Exit
23.11.2015 09:07,F10H_PR,P48,Enter
23.11.2015 09:10,Vessel 235098384,P22,Exit
23.11.2015 09:10,D7B,P22,Enter
23.11.2015 09:10,Vessel 235100575,P45,Exit
23.11.2015 09:10,F10H_PR,P45,Enter
23.11.2015 09:11,Vessel 235100575,P47,Exit
23.11.2015 09:11,F10H_PR,P47,Enter
23.11.2015 09:12,Vessel 235100575,P54,Exit
23.11.2015 09:13,F10H_PR,P54,Enter
23.11.2015 09:20,Vessel 235098384,P16,Exit
23.11.2015 09:20,D7B,P16,Enter
23.11.2015 09:20,E8J,P58,Exit
23.11.2015 09:20,Vessel 235090838,P58,Enter
23.11.2015 09:20,E8J,P19,Exit
23.11.2015 09:20,Vessel 235090838,P19,Enter
23.11.2015 09:20,E8J,P17,Exit
23.11.2015 09:21,Vessel 235090838,P17,Enter
23.11.2015 09:21,E8J,P57,Exit
23.11.2015 09:21,Vessel 235090838,P57,Enter
23.11.2015 09:26,Vessel 235090838,P19,Exit
23.11.2015 09:26,F3P,P19,Enter
23.11.2015 09:26,Vessel 235090838,P17,Exit
23.11.2015 09:27,F3P,P17,Enter
23.11.2015 09:27,Vessel 235090838,P57,Exit
23.11.2015 09:27,F3P,P57,Enter
23.11.2015 09:27,Vessel 235090838,P58,Exit
23.11.2015 09:27,F3P,P58,Enter
23.11.2015 09:33,Vessel 235103572,P28,Exit
23.11.2015 09:33,H15F,P28,Enter
23.11.2015 09:33,Vessel 235103572,P35,Exit
23.11.2015 09:33,H15F,P35,Enter
23.11.2015 09:33,Vessel 235103572,P39,Exit
23.11.2015 09:33,H15F,P39,Enter
23.11.2015 09:38,Vessel 235100575,P51,Exit
23.11.2015 09:38,G4P,P51,Enter
23.11.2015 09:40,Vessel 235100575,P46,Exit
23.11.2015 09:40,G4P,P46,Enter
23.11.2015 09:41,Vessel 235100575,P55,Exit
23.11.2015 09:41,G4P,P55,Enter
23.11.2015 09:50,Vessel 235098384,P34,Exit
23.11.2015 09:50,D5A,P34,Enter
23.11.2015 09:50,Vessel 235098384,P40,Exit
23.11.2015 09:50,D5A,P40,Enter
23.11.2015 09:50,Vessel 235100575,P52,Exit
23.11.2015 09:50,G4P,P52,Enter
23.11.2015 10:26,C5A,P50,Exit
23.11.2015 10:27,Vessel 235108059,P50,Enter
23.11.2015 10:27,C5A,P59,Exit
23.11.2015 10:27,Vessel 235108059,P59,Enter
23.11.2015 10:28,C5A,P60,Exit
23.11.2015 10:28,Vessel 235108059,P60,Enter
23.11.2015 10:53,Vessel 235098384,P32,Exit
23.11.2015 10:53,D5A,P32,Enter
23.11.2015 10:54,Vessel 235098384,P26,Exit
23.11.2015 10:54,D5A,P26,Enter
23.11.2015 10:57,D5A,P40,Exit
23.11.2015 10:57,Vessel 235098384,P40,Enter
23.11.2015 10:58,D5A,P34,Exit
23.11.2015 10:58,Vessel 235098384,P34,Enter
23.11.2015 10:59,D5A,P26,Exit
23.11.2015 10:59,E1P,P26,Enter
23.11.2015 11:01,D5A,P32,Exit
23.11.2015 11:01,Vessel 235098384,P32,Enter
23.11.2015 11:04,Vessel 235098384,P40,Exit
23.11.2015 11:04,E1P,P40,Enter
23.11.2015 11:20,Vessel 235108059,P59,Exit
23.11.2015 11:20,D4J,P59,Enter
23.11.2015 11:20,Vessel 235108059,P60,Exit
23.11.2015 11:21,D4J,P60,Enter
23.11.2015 11:21,Vessel 235108059,P50,Exit
23.11.2015 11:21,D4J,P50,Enter
23.11.2015 11:29,Vessel 235098384,P32,Exit
23.11.2015 11:29,E1P,P32,Enter
23.11.2015 11:30,Vessel 235098384,P34,Exit
23.11.2015 11:30,E1P,P34,Enter
23.11.2015 11:30,Vessel 235098384,P18,Exit
23.11.2015 11:30,D7B,P18,Enter
23.11.2015 12:06,F3P,P57,Exit
23.11.2015 12:06,F3P,P57,Exit
23.11.2015 12:06,Vessel 235090838,P57,Enter
23.11.2015 12:06,F3P,P19,Exit
23.11.2015 12:06,Vessel 235090838,P19,Enter
23.11.2015 12:06,F3P,P19,Exit
23.11.2015 12:06,Vessel 235090838,P57,Exit
23.11.2015 12:06,F3P,P57,Enter
23.11.2015 12:06,F3P,P57,Exit
23.11.2015 12:06,Vessel 235090838,P57,Enter
23.11.2015 12:06,F3P,P58,Exit
23.11.2015 12:07,Vessel 235090838,P58,Enter
23.11.2015 12:07,F3P,P17,Exit
23.11.2015 12:07,Vessel 235090838,P17,Enter
23.11.2015 12:10,Vessel 235090838,P19,Exit
23.11.2015 12:10,G4P,P19,Enter
23.11.2015 12:11,Vessel 235090838,P58,Exit
23.11.2015 12:11,G4P,P58,Enter
23.11.2015 12:22,E7J,P53,Exit
23.11.2015 12:22,Vessel 235108059,P53,Enter
23.11.2015 12:22,E7J,P61,Exit
23.11.2015 12:22,Vessel 235108059,P61,Enter
23.11.2015 12:22,G4P,P58,Exit
23.11.2015 12:22,Vessel 235090838,P58,Enter
23.11.2015 12:22,F10H_PR,P47,Exit
23.11.2015 12:22,Vessel 235100575,P47,Enter
23.11.2015 12:22,Vessel 235108059,P61,Exit
23.11.2015 12:22,E8J,P61,Enter
23.11.2015 12:22,F10H_PR,P48,Exit
23.11.2015 12:23,Vessel 235100575,P48,Enter
23.11.2015 12:23,Vessel 235108059,P53,Exit
23.11.2015 12:23,E8J,P53,Enter
23.11.2015 12:23,F10H_PR,P45,Exit
23.11.2015 12:23,Vessel 235100575,P45,Enter
23.11.2015 12:23,F10H_PR,P54,Exit
23.11.2015 12:23,Vessel 235100575,P54,Enter
23.11.2015 12:39,D4J,P50,Exit
23.11.2015 12:39,Vessel 235108059,P50,Enter
23.11.2015 12:40,D4J,P60,Exit
23.11.2015 12:40,Vessel 235108059,P60,Enter
23.11.2015 12:40,Vessel 235090838,P58,Exit
23.11.2015 12:41,H6Q,P58,Enter
23.11.2015 12:51,D4J,P59,Exit
23.11.2015 12:52,Vessel 235108059,P59,Enter
23.11.2015 12:52,Vessel 235100575,P48,Exit
23.11.2015 12:52,H7R,P48,Enter
23.11.2015 12:52,Vessel 235100575,P47,Exit
23.11.2015 12:52,H7R,P47,Enter
23.11.2015 12:52,Vessel 235100575,P45,Exit
23.11.2015 12:52,H7R,P45,Enter
23.11.2015 12:52,Vessel 235100575,P54,Exit
23.11.2015 12:52,H7R,P54,Enter
23.11.2015 12:54,G4P,P19,Exit
23.11.2015 12:54,Vessel 235090838,P19,Enter
23.11.2015 12:54,H6Q,P58,Exit
23.11.2015 12:54,Vessel 235090838,P58,Enter
23.11.2015 13:22,E11B,P15,Exit
23.11.2015 13:22,Vessel 235090838,P15,Enter
23.11.2015 13:22,Vessel 235108059,P59,Exit
23.11.2015 13:22,G8J,P59,Enter
23.11.2015 13:22,E11B,P30,Exit
23.11.2015 13:22,Vessel 235090838,P30,Enter
23.11.2015 13:22,K2M,P23,Exit
23.11.2015 13:23,Vessel 235096731,P23,Enter
23.11.2015 13:23,Vessel 235108059,P50,Exit
23.11.2015 13:23,G8J,P50,Enter
23.11.2015 13:24,Vessel 235108059,P60,Exit
23.11.2015 13:24,G8J,P60,Enter
23.11.2015 13:25,K2M,P31,Exit
23.11.2015 13:26,Vessel 235096731,P31,Enter
23.11.2015 13:26,E11B,P36,Exit
23.11.2015 13:26,Vessel 235090838,P36,Enter
23.11.2015 13:26,E11B,P56,Exit
23.11.2015 13:27,Vessel 235090838,P56,Enter
23.11.2015 13:32,E1P,P40,Exit
23.11.2015 13:32,Vessel 235098384,P40,Enter
23.11.2015 13:33,E1P,P34,Exit
23.11.2015 13:33,Vessel 235098384,P34,Enter
23.11.2015 13:34,E1P,P26,Exit
23.11.2015 13:34,Vessel 235098384,P26,Enter
23.11.2015 13:34,Vessel 235096731,P14,Exit
23.11.2015 13:34,K2M,P14,Enter
23.11.2015 13:35,K2M,P13,Exit
23.11.2015 13:35,Vessel 235096731,P13,Enter
23.11.2015 13:52,E1P,P32,Exit
23.11.2015 13:52,Vessel 235098384,P32,Enter
23.11.2015 14:01,D7B,P18,Exit
23.11.2015 14:01,Vessel 235098384,P18,Enter
23.11.2015 14:22,D7B,P22,Exit
23.11.2015 14:22,Vessel 235098384,P22,Enter
23.11.2015 14:22,D7B,P16,Exit
23.11.2015 14:22,Vessel 235098384,P16,Enter
23.11.2015 14:22,D7B,P12,Exit
23.11.2015 14:22,Vessel 235098384,P12,Enter
23.11.2015 14:24,H4P,P20,Exit
23.11.2015 14:24,Vessel 235098384,P20,Enter
23.11.2015 14:25,H4P,P29,Exit
23.11.2015 14:25,Vessel 235098384,P29,Enter
23.11.2015 14:25,H4P,P49,Exit
23.11.2015 14:25,Vessel 235098384,P49,Enter
23.11.2015 14:26,H4P,P44,Exit
23.11.2015 14:26,Vessel 235098384,P44,Enter
23.11.2015 14:34,G8J,P50,Exit
23.11.2015 14:34,Vessel 235108059,P50,Enter
23.11.2015 14:35,K2M,P14,Exit
23.11.2015 14:35,Vessel 235096731,P14,Enter
23.11.2015 14:35,H7R,P48,Exit
23.11.2015 14:35,Vessel 235100575,P48,Enter
23.11.2015 14:35,K2M,P21,Exit
23.11.2015 14:36,Vessel 235096731,P21,Enter
23.11.2015 14:36,G8J,P59,Exit
23.11.2015 14:36,Vessel 235108059,P59,Enter
23.11.2015 14:36,G8J,P60,Exit
23.11.2015 14:36,Vessel 235108059,P60,Enter
23.11.2015 14:36,K2M,P33,Exit
23.11.2015 14:36,Vessel 235096731,P33,Enter
23.11.2015 14:37,H7R,P45,Exit
23.11.2015 14:37,Vessel 235100575,P45,Enter
23.11.2015 14:37,H7R,P47,Exit
23.11.2015 14:37,Vessel 235100575,P47,Enter
23.11.2015 14:38,H7R,P54,Exit
23.11.2015 14:38,Vessel 235100575,P54,Enter
23.11.2015 14:54,G4P,P46,Exit
23.11.2015 14:54,Vessel 235100575,P46,Enter
23.11.2015 14:55,G4P,P51,Exit
23.11.2015 14:55,Vessel 235100575,P51,Enter
23.11.2015 14:58,G4P,P55,Exit
23.11.2015 14:58,Vessel 235100575,P55,Enter
23.11.2015 14:58,G4P,P52,Exit
23.11.2015 14:58,Vessel 235100575,P52,Enter
23.11.2015 15:01,E6R,P24,Exit
23.11.2015 15:01,Vessel 235103572,P24,Enter
23.11.2015 15:01,E8J,P53,Exit
23.11.2015 15:01,Vessel 235108059,P53,Enter
23.11.2015 15:01,E6R,P27,Exit
23.11.2015 15:01,Vessel 235103572,P27,Enter
23.11.2015 15:01,E8J,P61,Exit
23.11.2015 15:01,Vessel 235108059,P61,Enter
23.11.2015 15:03,E6R,P25,Exit
23.11.2015 15:03,Vessel 235103572,P25,Enter
23.11.2015 15:03,E6R,P37,Exit
23.11.2015 15:03,Vessel 235103572,P37,Enter
23.11.2015 15:04,E6R,P38,Exit
23.11.2015 15:04,Vessel 235103572,P38,Enter
23.11.2015 15:29,H15F,P28,Exit
23.11.2015 15:29,Vessel 235103572,P28,Enter
23.11.2015 15:29,H15F,P39,Exit
23.11.2015 15:29,Vessel 235103572,P39,Enter
23.11.2015 15:30,H15F,P35,Exit
23.11.2015 15:30,Vessel 235103572,P35,Enter
23.11.2015 16:22,Vessel 235090838,P57,Exit
23.11.2015 16:22,Vessel 235090838,P56,Exit
23.11.2015 16:22,Vessel 235090838,P19,Exit
23.11.2015 16:22,Vessel 235090838,P58,Exit
23.11.2015 16:22,Vessel 235090838,P30,Exit
23.11.2015 16:23,Vessel 235090838,P17,Exit
23.11.2015 16:23,Vessel 235090838,P15,Exit
23.11.2015 16:23,Vessel 235090838,P36,Exit
23.11.2015 16:31,Vessel 235100575,P46,Exit
23.11.2015 16:32,Vessel 235100575,P51,Exit
23.11.2015 16:33,Vessel 235100575,P55,Exit
23.11.2015 16:33,Vessel 235108059,P60,Exit
23.11.2015 16:33,Vessel 235100575,P47,Exit
23.11.2015 16:34,Vessel 235108059,P59,Exit
23.11.2015 16:34,Vessel 235100575,P54,Exit
23.11.2015 16:34,Vessel 235100575,P45,Exit
23.11.2015 16:34,Vessel 235100575,P48,Exit
23.11.2015 16:35,Vessel 235100575,P52,Exit
23.11.2015 16:41,Vessel 235108059,P53,Exit
23.11.2015 16:41,Vessel 235108059,P50,Exit
23.11.2015 16:52,Vessel 235108059,P61,Exit
23.11.2015 16:52,Vessel 235103572,P38,Exit
23.11.2015 16:52,Vessel 235108059,P61,Exit
23.11.2015 16:52,Vessel 235103572,P27,Exit
23.11.2015 16:53,Vessel 235103572,P28,Exit
23.11.2015 16:53,Vessel 235103572,P39,Exit
23.11.2015 16:53,Vessel 235103572,P37,Exit
23.11.2015 16:53,Vessel 235098384,P22,Exit
23.11.2015 16:53,Vessel 235103572,P24,Exit
23.11.2015 16:53,Vessel 235098384,P26,Exit
23.11.2015 16:53,Vessel 235096731,P14,Exit
23.11.2015 16:54,Vessel 235103572,P35,Exit
23.11.2015 16:54,Vessel 235096731,P31,Exit
23.11.2015 16:54,Vessel 235096731,P33,Exit
23.11.2015 16:54,Vessel 235098384,P49,Exit
23.11.2015 16:54,Vessel 235096731,P13,Exit
23.11.2015 16:54,Vessel 235096731,P23,Exit
23.11.2015 16:54,Vessel 235096731,P21,Exit
23.11.2015 16:55,Vessel 235103572,P25,Exit
23.11.2015 16:55,Vessel 235098384,P16,Exit
23.11.2015 16:55,Vessel 235098384,P40,Exit
23.11.2015 16:55,Vessel 235098384,P34,Exit
23.11.2015 16:55,Vessel 235098384,P29,Exit
23.11.2015 16:55,Vessel 235098384,P32,Exit
23.11.2015 16:55,Vessel 235098384,P20,Exit
23.11.2015 16:55,Vessel 235098384,P18,Exit
23.11.2015 16:56,Vessel 235098384,P44,Exit
23.11.2015 16:57,Vessel 235098384,P12,Exit
23.11.2015 16:58,Vessel 235090838,P7,Exit
23.11.2015 16:58,Vessel 235090838,P8,Exit
23.11.2015 16:59,Vessel 235090838,P6,Exit
23.11.2015 17:51,Vessel 235098384,P1,Exit
23.11.2015 17:53,Vessel 235098384,P2,Exit
23.11.2015 17:53,Vessel 235098384,P62,Exit
23.11.2015 17:59,Vessel 235108059,P43,Exit
23.11.2015 17:59,Vessel 235108059,P42,Exit
23.11.2015 18:00,Vessel 235108059,P41,Exit
23.11.2015 18:10,Vessel 235103572,P3,Exit
23.11.2015 18:11,Vessel 235103572,P4,Exit
23.11.2015 18:11,Vessel 235103572,P5,Exit
23.11.2015 18:24,Vessel 235100575,P11,Exit
23.11.2015 18:24,Vessel 235100575,P9,Exit
23.11.2015 18:24,Vessel 235100575,P10,Exit
24.11.2015 09:24,Vessel 235098384,P2,Enter
24.11.2015 09:24,Vessel 235098384,P1,Enter
24.11.2015 09:24,Vessel 235098384,P62,Enter
24.11.2015 09:24,Vessel 235103572,P3,Enter
24.11.2015 09:25,Vessel 235103572,P5,Enter
24.11.2015 10:29,Vessel 235091876,P63,Exit
24.11.2015 10:54,Vessel 235096731,P64,Exit
24.11.2015 10:54,Vessel 235096731,P65,Exit
24.11.2015 11:23,Vessel 235108059,P66,Enter
24.11.2015 11:23,Vessel 235108059,P41,Enter
24.11.2015 11:24,Vessel 235108059,P67,Enter
24.11.2015 11:30,Vessel 235090838,P7,Enter
24.11.2015 11:35,Vessel 235090838,P8,Enter
24.11.2015 11:35,Vessel 235090838,P43,Enter
24.11.2015 12:30,Vessel 235098384,P68,Enter
24.11.2015 13:35,Vessel 235108059,P67,Exit
24.11.2015 13:53,Vessel 235100575,P69,Enter
24.11.2015 13:53,Vessel 235100575,P6,Enter
24.11.2015 13:53,Vessel 235100575,P11,Enter
24.11.2015 13:54,Vessel 235100575,P11,Exit
24.11.2015 13:55,Vessel 235100575,P6,Exit
24.11.2015 13:55,Vessel 235100575,P69,Exit
24.11.2015 13:59,Vessel 235090838,P7,Exit
24.11.2015 13:59,Vessel 235090838,P8,Exit
24.11.2015 13:59,Vessel 235090838,P43,Exit
24.11.2015 15:23,Vessel 235098384,P1,Exit
24.11.2015 15:24,Vessel 235098384,P2,Exit
24.11.2015 15:24,Vessel 235098384,P62,Exit
24.11.2015 15:24,Vessel 235098384,P68,Exit
24.11.2015 16:35,Vessel 235103572,P5,Exit
24.11.2015 16:35,Vessel 235103572,P3,Exit
24.11.2015 16:35,Vessel 235103572,P70,Enter
24.11.2015 20:53,Vessel 235103572,P70,Exit
24.11.2015 21:05,Vessel 235108059,P71,Enter
24.11.2015 21:05,Vessel 235108059,P66,Exit
24.11.2015 21:05,Vessel 235108059,P71,Exit
24.11.2015 21:05,Vessel 235108059,P71,Enter
24.11.2015 21:05,Vessel 235108059,P71,Exit
24.11.2015 21:05,Vessel 235108059,P41,Exit
24.11.2015 21:05,Vessel 235108059,P41,Enter
24.11.2015 22:09,Vessel 235108059,P41,Exit
25.11.2015 08:53,Vessel 235090838,P43,Enter
25.11.2015 08:57,Vessel 235103572,P70,Enter
25.11.2015 09:25,Vessel 235098384,P72,Enter
25.11.2015 09:25,Vessel 235103572,P73,Enter
25.11.2015 09:25,Vessel 235100575,P6,Enter
25.11.2015 09:25,Vessel 235100575,P69,Enter
25.11.2015 09:25,Vessel 235100575,P11,Enter
25.11.2015 09:26,Vessel 235090838,P8,Enter
25.11.2015 09:26,Vessel 235090838,P7,Enter
25.11.2015 09:26,Vessel 235098384,P74,Enter
25.11.2015 09:26,Vessel 235098384,P68,Enter
25.11.2015 09:26,Vessel 235098384,P75,Enter
25.11.2015 09:26,Vessel 235103572,P76,Enter
25.11.2015 09:27,Vessel 235108059,P66,Enter
25.11.2015 09:27,Vessel 235108059,P67,Enter
25.11.2015 09:27,Vessel 235108059,P41,Enter
25.11.2015 09:53,Vessel 235103572,P77,Enter
25.11.2015 09:58,Vessel 235098384,P68,Exit
25.11.2015 09:58,Vessel 235103572,P68,Enter
25.11.2015 12:28,Vessel 235103572,P68,Exit
25.11.2015 12:57,Vessel 235108059,P41,Exit
25.11.2015 12:57,Vessel 235108059,P67,Exit
25.11.2015 12:58,Vessel 235108059,P66,Exit
25.11.2015 13:53,Vessel 235100575,P6,Exit
25.11.2015 13:54,Vessel 235100575,P11,Exit
25.11.2015 13:54,Vessel 235100575,P69,Exit
25.11.2015 15:54,Vessel 235098384,P75,Exit
25.11.2015 15:54,Vessel 235098384,P74,Exit
25.11.2015 15:54,Vessel 235098384,P72,Exit
25.11.2015 15:57,Vessel 235103572,P76,Exit
25.11.2015 15:58,Vessel 235103572,P73,Exit
25.11.2015 15:58,Vessel 235103572,P77,Exit
25.11.2015 19:23,Vessel 235103572,P70,Exit
26.11.2015 07:54,Vessel 235090838,P43,Exit
26.11.2015 07:54,Vessel 235090838,P8,Exit
26.11.2015 07:54,Vessel 235090838,P7,Exit
26.11.2015 07:54,Vessel 235090838,P43,Enter
26.11.2015 07:54,Vessel 235090838,P8,Enter
26.11.2015 07:54,Vessel 235090838,P7,Enter
26.11.2015 07:55,Vessel 235100575,P11,Enter
26.11.2015 07:55,Vessel 235100575,P69,Enter
26.11.2015 07:55,Vessel 235100575,P6,Enter
26.11.2015 07:58,Vessel 235103572,P73,Enter
26.11.2015 08:10,Vessel 235103572,P76,Enter
26.11.2015 08:28,Vessel 235098384,P72,Enter
26.11.2015 08:28,Vessel 235098384,P75,Enter
26.11.2015 08:30,Vessel 235108059,P41,Enter
26.11.2015 08:35,Vessel 235108059,P67,Enter
26.11.2015 08:35,Vessel 235108059,P66,Enter
26.11.2015 08:35,Vessel 235100575,P54,Enter
26.11.2015 08:35,Vessel 235100575,P14,Enter
26.11.2015 08:35,Vessel 235098384,P21,Enter
26.11.2015 08:36,Vessel 235100575,P78,Enter
26.11.2015 08:36,Vessel 235100575,P48,Enter
26.11.2015 08:36,Vessel 235100575,P28,Enter
26.11.2015 08:54,Vessel 235090838,P17,Enter
26.11.2015 08:55,Vessel 235100575,P79,Enter
26.11.2015 08:55,Vessel 235090838,P15,Enter
26.11.2015 08:55,Vessel 235090838,P56,Enter
26.11.2015 08:55,Vessel 235103572,P46,Enter
26.11.2015 08:55,Vessel 235098384,P80,Enter
26.11.2015 08:55,Vessel 235100575,P81,Enter
26.11.2015 08:55,Vessel 235103572,P37,Enter
26.11.2015 08:56,Vessel 235098384,P12,Enter
26.11.2015 08:56,Vessel 235103572,P77,Enter
26.11.2015 08:56,Vessel 235100575,P39,Enter
26.11.2015 08:56,Vessel 235100575,P82,Enter
26.11.2015 08:56,Vessel 235100575,P44,Enter
26.11.2015 08:56,Vessel 235103572,P83,Enter
26.11.2015 08:56,Vessel 235103572,P84,Enter
26.11.2015 08:56,Vessel 235103572,P83,Exit
26.11.2015 08:57,Vessel 235103572,P38,Enter
26.11.2015 08:57,Vessel 235103572,P45,Enter
26.11.2015 08:57,Vessel 235103572,P85,Enter
26.11.2015 08:57,Vessel 235103572,P83,Enter
26.11.2015 08:57,Vessel 235098384,P86,Enter
26.11.2015 08:57,Vessel 235098384,P87,Enter
26.11.2015 08:57,Vessel 235098384,P88,Enter
26.11.2015 08:57,Vessel 235098384,P34,Enter
26.11.2015 08:58,Vessel 235098384,P32,Enter
26.11.2015 08:58,Vessel 235096731,P89,Enter
26.11.2015 08:58,Vessel 235096731,P23,Enter
26.11.2015 08:58,Vessel 235103572,P47,Enter
26.11.2015 08:58,Vessel 235096731,P49,Enter
26.11.2015 08:58,Vessel 235103572,P47,Exit
26.11.2015 08:58,Vessel 235096731,P90,Enter
26.11.2015 08:58,Vessel 235096731,P91,Enter
26.11.2015 08:59,Vessel 235103572,P25,Enter
26.11.2015 08:59,Vessel 235103572,P47,Enter
26.11.2015 08:59,Vessel 235098384,P31,Enter
26.11.2015 08:59,Vessel 235108059,P92,Enter
26.11.2015 08:59,Vessel 235108059,P50,Enter
26.11.2015 08:59,Vessel 235098384,P40,Enter
26.11.2015 08:59,Vessel 235103572,P55,Enter
26.11.2015 08:59,Vessel 235098384,P93,Enter
26.11.2015 09:00,Vessel 235096731,P13,Enter
26.11.2015 09:00,Vessel 235108059,P61,Enter
26.11.2015 09:00,Vessel 235096731,P94,Enter
26.11.2015 09:00,Vessel 235096731,P95,Enter
26.11.2015 09:00,Vessel 235108059,P96,Enter
26.11.2015 09:00,Vessel 235098384,P74,Enter
26.11.2015 09:00,Vessel 235098384,P68,Enter
26.11.2015 09:24,Vessel 235108059,P53,Enter
26.11.2015 09:53,Vessel 235100575,P81,Exit
26.11.2015 09:54,C5A,P81,Enter
26.11.2015 09:54,Vessel 235100575,P82,Exit
26.11.2015 09:54,C5A,P82,Enter
26.11.2015 09:55,Vessel 235100575,P39,Exit
26.11.2015 09:55,C5A,P39,Enter
26.11.2015 09:56,Vessel 235100575,P28,Exit
26.11.2015 09:56,C5A,P28,Enter
26.11.2015 10:09,Vessel 235098384,P86,Exit
26.11.2015 10:10,D7B,P86,Enter
26.11.2015 10:10,Vessel 235098384,P21,Exit
26.11.2015 10:10,D7B,P21,Enter
26.11.2015 10:10,Vessel 235096731,P23,Exit
26.11.2015 10:10,H20F,P23,Enter
26.11.2015 10:10,Vessel 235096731,P13,Exit
26.11.2015 10:10,H20F,P13,Enter
26.11.2015 10:10,Vessel 235096731,P94,Exit
26.11.2015 10:10,H20F,P94,Enter
26.11.2015 10:10,Vessel 235096731,P95,Exit
26.11.2015 10:10,H20F,P95,Enter
26.11.2015 10:10,Vessel 235108059,P96,Exit
26.11.2015 10:11,B4B,P96,Enter
26.11.2015 10:11,Vessel 235108059,P92,Exit
26.11.2015 10:11,B4B,P92,Enter
26.11.2015 10:29,Vessel 235103572,P45,Exit
26.11.2015 10:29,G4P,P45,Enter
26.11.2015 10:29,Vessel 235100575,P79,Exit
26.11.2015 10:29,B3A,P79,Enter
26.11.2015 10:30,Vessel 235103572,P55,Exit
26.11.2015 10:30,G4P,P55,Enter
26.11.2015 10:30,Vessel 235100575,P44,Exit
26.11.2015 10:30,B3A,P44,Enter
26.11.2015 10:30,Vessel 235090838,P15,Exit
26.11.2015 10:30,E11B,P15,Enter
26.11.2015 10:30,Vessel 235090838,P17,Exit
26.11.2015 10:30,E11B,P17,Enter
26.11.2015 10:30,Vessel 235090838,P56,Exit
26.11.2015 10:30,E11B,P56,Enter
26.11.2015 10:31,Vessel 235103572,P83,Exit
26.11.2015 10:31,G4P,P83,Enter
26.11.2015 10:31,Vessel 235108059,P53,Exit
26.11.2015 10:31,A3A,P53,Enter
26.11.2015 10:31,Vessel 235108059,P61,Exit
26.11.2015 10:31,A3A,P61,Enter
26.11.2015 10:31,Vessel 235100575,P14,Exit
26.11.2015 10:31,B3A,P14,Enter
26.11.2015 10:54,Vessel 235098384,P12,Exit
26.11.2015 10:54,D7B,P12,Enter
26.11.2015 10:54,Vessel 235098384,P88,Exit
26.11.2015 10:54,A1A,P88,Enter
26.11.2015 10:55,Vessel 235098384,P93,Exit
26.11.2015 10:55,A1A,P93,Enter
26.11.2015 10:55,Vessel 235098384,P80,Exit
26.11.2015 10:55,A1A,P80,Enter
26.11.2015 10:55,Vessel 235098384,P87,Exit
26.11.2015 10:55,A1A,P87,Enter
26.11.2015 10:55,Vessel 235096731,P89,Exit
26.11.2015 10:55,C4A,P89,Enter
26.11.2015 10:55,Vessel 235096731,P90,Exit
26.11.2015 10:55,C4A,P90,Enter
26.11.2015 10:56,Vessel 235096731,P91,Exit
26.11.2015 10:56,C4A,P91,Enter
26.11.2015 10:56,Vessel 235103572,P38,Exit
26.11.2015 10:56,E6R,P38,Enter
26.11.2015 10:56,Vessel 235096731,P49,Exit
26.11.2015 10:56,C4A,P49,Enter
26.11.2015 10:56,Vessel 235103572,P37,Exit
26.11.2015 10:56,E6R,P37,Enter
26.11.2015 10:56,Vessel 235103572,P25,Exit
26.11.2015 10:56,E6R,P25,Enter
26.11.2015 10:56,B4B,P96,Exit
26.11.2015 10:56,Vessel 235108059,P96,Enter
26.11.2015 10:57,B4B,P92,Exit
26.11.2015 10:57,Vessel 235108059,P92,Enter
26.11.2015 10:57,Vessel 235100575,P48,Exit
26.11.2015 10:57,H8J,P48,Enter
26.11.2015 10:57,Vessel 235100575,P54,Exit
26.11.2015 10:57,H8J,P54,Enter
26.11.2015 10:58,Vessel 235108059,P96,Exit
26.11.2015 10:58,D1Q,P96,Enter
26.11.2015 10:58,Vessel 235108059,P50,Exit
26.11.2015 10:58,D1Q,P50,Enter
26.11.2015 11:05,Vessel 235098384,P40,Exit
26.11.2015 11:05,E1P,P40,Enter
26.11.2015 11:05,Vessel 235098384,P34,Exit
26.11.2015 11:05,E1P,P34,Enter
26.11.2015 11:05,Vessel 235108059,P92,Exit
26.11.2015 11:05,D1Q,P92,Enter
26.11.2015 11:05,Vessel 235098384,P32,Exit
26.11.2015 11:05,E1P,P32,Enter
26.11.2015 11:05,Vessel 235098384,P31,Exit
26.11.2015 11:05,E1P,P31,Enter
26.11.2015 11:24,Vessel 235103572,P85,Exit
26.11.2015 11:24,K6K,P85,Enter
26.11.2015 11:25,Vessel 235103572,P47,Exit
26.11.2015 11:25,K6K,P47,Enter
26.11.2015 11:26,Vessel 235103572,P46,Exit
26.11.2015 11:26,K6K,P46,Enter
26.11.2015 11:35,H8J,P48,Exit
26.11.2015 11:35,Vessel 235100575,P48,Enter
26.11.2015 11:55,H8J,P54,Exit
26.11.2015 11:55,Vessel 235100575,P54,Enter
26.11.2015 11:55,Vessel 235100575,P54,Exit
26.11.2015 11:55,J5P,P54,Enter
26.11.2015 11:55,Vessel 235100575,P48,Exit
26.11.2015 11:55,J5P,P48,Enter
26.11.2015 12:27,E11B,P17,Exit
26.11.2015 12:27,Vessel 235090838,P17,Enter
26.11.2015 12:27,E11B,P56,Exit
26.11.2015 12:27,Vessel 235090838,P56,Enter
26.11.2015 12:28,E11B,P15,Exit
26.11.2015 12:28,Vessel 235090838,P15,Enter
26.11.2015 13:05,Vessel 235090838,P97,Exit
26.11.2015 13:05,F8J,P97,Enter
26.11.2015 13:05,Vessel 235090838,P17,Exit
26.11.2015 13:05,F8J,P17,Enter
26.11.2015 13:06,Vessel 235090838,P56,Exit
26.11.2015 13:06,F8J,P56,Enter
26.11.2015 13:24,Vessel 235090838,P15,Exit
26.11.2015 13:24,F8J,P15,Enter
26.11.2015 13:35,H20F,P94,Exit
26.11.2015 13:35,Vessel 235096731,P94,Enter
26.11.2015 13:54,H20F,P95,Exit
26.11.2015 13:54,Vessel 235096731,P95,Enter
26.11.2015 13:54,H20F,P23,Exit
26.11.2015 13:54,Vessel 235096731,P23,Enter
26.11.2015 13:54,H20F,P13,Exit
26.11.2015 13:54,Vessel 235096731,P13,Enter
26.11.2015 13:54,A3A,P53,Exit
26.11.2015 13:54,Vessel 235108059,P53,Enter
26.11.2015 13:54,A3A,P61,Exit
26.11.2015 13:54,Vessel 235108059,P61,Enter
26.11.2015 13:55,Vessel 235096731,P13,Exit
26.11.2015 13:55,E14D,P13,Enter
26.11.2015 13:55,Vessel 235096731,P23,Exit
26.11.2015 13:55,E14D,P23,Enter
26.11.2015 13:55,Vessel 235096731,P95,Exit
26.11.2015 13:55,E14D,P95,Enter
26.11.2015 13:55,Vessel 235096731,P94,Exit
26.11.2015 13:55,E14D,P94,Enter
26.11.2015 13:55,Vessel 235108059,P53,Exit
26.11.2015 13:55,G9K,P53,Enter
26.11.2015 13:56,Vessel 235108059,P61,Exit
26.11.2015 13:56,G9K,P61,Enter
26.11.2015 14:09,K6K,P46,Exit
26.11.2015 14:09,Vessel 235103572,P46,Enter
26.11.2015 14:09,K6K,P47,Exit
26.11.2015 14:10,Vessel 235103572,P47,Enter
26.11.2015 14:10,K6K,P85,Exit
26.11.2015 14:10,Vessel 235103572,P85,Enter
26.11.2015 14:28,Vessel 235103572,P85,Exit
26.11.2015 14:28,G8J,P85,Enter
26.11.2015 14:29,Vessel 235103572,P47,Exit
26.11.2015 14:29,G8J,P47,Enter
26.11.2015 14:29,Vessel 235103572,P46,Exit
26.11.2015 14:29,G8J,P46,Enter
26.11.2015 15:23,J5P,P48,Exit
26.11.2015 15:24,Vessel 235100575,P48,Enter
26.11.2015 15:24,J5P,P54,Exit
26.11.2015 15:24,Vessel 235100575,P54,Enter
26.11.2015 15:35,Vessel 235100575,P54,Exit
26.11.2015 15:35,B9C,P54,Enter
26.11.2015 15:35,Vessel 235100575,P48,Exit
26.11.2015 15:35,B9C,P48,Enter
26.11.2015 15:53,D1Q,P92,Exit
26.11.2015 15:54,Vessel 235108059,P92,Enter
26.11.2015 15:54,D1Q,P50,Exit
26.11.2015 15:54,Vessel 235108059,P50,Enter
26.11.2015 15:55,D1Q,P96,Exit
26.11.2015 15:55,Vessel 235108059,P96,Enter
26.11.2015 16:35,Vessel 235108059,P96,Exit
26.11.2015 16:35,H5P,P96,Enter
26.11.2015 16:35,Vessel 235108059,P92,Exit
26.11.2015 16:35,H5P,P92,Enter
26.11.2015 16:35,Vessel 235108059,P50,Exit
26.11.2015 16:35,H5P,P50,Enter
26.11.2015 16:54,G8J,P47,Exit
26.11.2015 16:54,Vessel 235103572,P47,Enter
26.11.2015 16:54,G8J,P46,Exit
26.11.2015 16:54,Vessel 235103572,P46,Enter
26.11.2015 16:54,F8J,P56,Exit
26.11.2015 16:54,Vessel 235090838,P56,Enter
26.11.2015 16:54,F8J,P15,Exit
26.11.2015 16:54,Vessel 235090838,P15,Enter
26.11.2015 16:54,F8J,P17,Exit
26.11.2015 16:54,Vessel 235090838,P17,Enter
26.11.2015 16:54,F8J,P97,Exit
26.11.2015 16:55,Vessel 235090838,P97,Enter
26.11.2015 16:55,G8J,P85,Exit
26.11.2015 16:55,Vessel 235103572,P85,Enter
26.11.2015 16:56,Vessel 235090838,P56,Exit
26.11.2015 16:56,E11B,P56,Enter
26.11.2015 16:56,Vessel 235090838,P17,Exit
26.11.2015 16:56,E11B,P17,Enter
26.11.2015 16:56,Vessel 235090838,P97,Exit
26.11.2015 16:56,E11B,P97,Enter
26.11.2015 16:58,Vessel 235090838,P15,Exit
26.11.2015 16:58,E11B,P15,Enter
26.11.2015 16:59,G9K,P61,Exit
26.11.2015 16:59,Vessel 235108059,P61,Enter
26.11.2015 16:59,G9K,P53,Exit
26.11.2015 16:59,Vessel 235108059,P53,Enter
26.11.2015 17:35,B3A,P14,Exit
26.11.2015 17:35,Vessel 235100575,P14,Enter
26.11.2015 17:53,B3A,P79,Exit
26.11.2015 17:53,Vessel 235100575,P79,Enter
26.11.2015 17:53,B3A,P44,Exit
26.11.2015 17:54,Vessel 235100575,P44,Enter
26.11.2015 17:54,C4A,P90,Exit
26.11.2015 17:54,Vessel 235096731,P90,Enter
26.11.2015 17:54,C4A,P49,Exit
26.11.2015 17:54,Vessel 235096731,P49,Enter
26.11.2015 17:54,C4A,P89,Exit
26.11.2015 17:54,Vessel 235096731,P89,Enter
26.11.2015 17:54,C4A,P91,Exit
26.11.2015 17:54,Vessel 235096731,P91,Enter
26.11.2015 17:54,H5P,P50,Exit
26.11.2015 17:54,Vessel 235108059,P50,Enter
26.11.2015 17:54,H5P,P92,Exit
26.11.2015 17:55,Vessel 235108059,P92,Enter
26.11.2015 17:55,H5P,P96,Exit
26.11.2015 17:55,Vessel 235108059,P96,Enter
26.11.2015 17:57,E1P,P31,Exit
26.11.2015 17:57,Vessel 235098384,P31,Enter
26.11.2015 17:57,E1P,P40,Exit
26.11.2015 17:58,Vessel 235098384,P40,Enter
26.11.2015 18:27,B9C,P54,Exit
26.11.2015 18:27,Vessel 235100575,P54,Enter
26.11.2015 18:27,E14D,P94,Exit
26.11.2015 18:27,Vessel 235096731,P94,Enter
26.11.2015 18:27,E14D,P23,Exit
26.11.2015 18:27,Vessel 235096731,P23,Enter
26.11.2015 18:27,E14D,P13,Exit
26.11.2015 18:27,Vessel 235096731,P13,Enter
26.11.2015 18:27,E14D,P95,Exit
26.11.2015 18:27,Vessel 235096731,P95,Enter
26.11.2015 18:28,E6R,P37,Exit
26.11.2015 18:28,Vessel 235103572,P37,Enter
26.11.2015 18:28,E6R,P25,Exit
26.11.2015 18:28,Vessel 235103572,P25,Enter
26.11.2015 18:28,E6R,P38,Exit
26.11.2015 18:28,Vessel 235103572,P38,Enter
26.11.2015 18:28,E11B,P15,Exit
26.11.2015 18:28,Vessel 235090838,P15,Enter
26.11.2015 18:28,E11B,P17,Exit
26.11.2015 18:28,Vessel 235090838,P17,Enter
26.11.2015 18:28,E11B,P56,Exit
26.11.2015 18:28,Vessel 235090838,P56,Enter
26.11.2015 18:29,E11B,P97,Exit
26.11.2015 18:29,Vessel 235090838,P97,Enter
26.11.2015 18:35,B9C,P48,Exit
26.11.2015 18:35,Vessel 235100575,P48,Enter
26.11.2015 18:53,E1P,P32,Exit
26.11.2015 18:54,Vessel 235098384,P32,Enter
26.11.2015 18:54,E1P,P34,Exit
26.11.2015 18:54,Vessel 235098384,P34,Enter
26.11.2015 18:54,D7B,P21,Exit
26.11.2015 18:54,Vessel 235098384,P21,Enter
26.11.2015 18:54,D7B,P12,Exit
26.11.2015 18:54,Vessel 235098384,P12,Enter
26.11.2015 18:54,A1A,P80,Exit
26.11.2015 18:54,Vessel 235098384,P80,Enter
26.11.2015 18:54,A1A,P88,Exit
26.11.2015 18:54,Vessel 235098384,P88,Enter
26.11.2015 18:54,A1A,P87,Exit
26.11.2015 18:55,Vessel 235098384,P87,Enter
26.11.2015 18:55,A1A,P93,Exit
26.11.2015 18:55,Vessel 235098384,P93,Enter
26.11.2015 18:55,C5A,P28,Exit
26.11.2015 18:55,Vessel 235100575,P28,Enter
26.11.2015 18:55,C5A,P39,Exit
26.11.2015 18:55,Vessel 235100575,P39,Enter
26.11.2015 18:55,C5A,P81,Exit
26.11.2015 18:55,Vessel 235100575,P81,Enter
26.11.2015 18:55,C5A,P82,Exit
26.11.2015 18:55,Vessel 235100575,P82,Enter
26.11.2015 18:55,G4P,P83,Exit
26.11.2015 18:56,Vessel 235103572,P83,Enter
26.11.2015 18:56,G4P,P55,Exit
26.11.2015 18:56,Vessel 235103572,P55,Enter
26.11.2015 18:56,G4P,P45,Exit
26.11.2015 18:56,Vessel 235103572,P45,Enter
26.11.2015 18:56,D7B,P86,Exit
26.11.2015 19:53,Vessel 235100575,P54,Exit
26.11.2015 19:54,Vessel 235100575,P81,Exit
26.11.2015 19:54,Vessel 235100575,P82,Exit
26.11.2015 19:54,Vessel 235100575,P48,Exit
26.11.2015 19:54,Vessel 235100575,P14,Exit
26.11.2015 19:54,Vessel 235100575,P78,Exit
26.11.2015 19:54,Vessel 235100575,P28,Exit
26.11.2015 19:54,Vessel 235100575,P79,Exit
26.11.2015 19:55,Vessel 235100575,P44,Exit
26.11.2015 19:55,Vessel 235100575,P39,Exit
26.11.2015 19:55,Vessel 235090838,P56,Exit
26.11.2015 19:55,Vessel 235090838,P17,Exit
26.11.2015 19:55,Vessel 235096731,P49,Exit
26.11.2015 19:55,Vessel 235096731,P91,Exit
26.11.2015 19:55,Vessel 235090838,P97,Exit
26.11.2015 19:55,Vessel 235108059,P50,Exit
26.11.2015 19:56,Vessel 235108059,P53,Exit
26.11.2015 19:56,Vessel 235108059,P92,Exit
26.11.2015 19:56,Vessel 235108059,P96,Exit
26.11.2015 19:56,Vessel 235108059,P61,Exit
26.11.2015 19:56,Vessel 235103572,P85,Exit
26.11.2015 19:56,Vessel 235096731,P89,Exit
26.11.2015 19:56,Vessel 235098384,P34,Exit
26.11.2015 19:57,Vessel 235098384,P80,Exit
26.11.2015 19:57,Vessel 235098384,P88,Exit
26.11.2015 19:57,Vessel 235098384,P87,Exit
26.11.2015 19:57,Vessel 235098384,P86,Enter
26.11.2015 19:57,Vessel 235096731,P90,Exit
26.11.2015 19:57,Vessel 235096731,P13,Exit
26.11.2015 19:57,Vessel 235103572,P37,Exit
26.11.2015 19:57,Vessel 235103572,P38,Exit
26.11.2015 19:58,Vessel 235096731,P94,Exit
26.11.2015 19:58,Vessel 235103572,P46,Exit
26.11.2015 19:58,Vessel 235096731,P95,Exit
26.11.2015 19:58,Vessel 235096731,P23,Exit
26.11.2015 19:59,Vessel 235103572,P45,Exit
26.11.2015 19:59,Vessel 235098384,P93,Exit
26.11.2015 20:00,Vessel 235098384,P31,Exit
26.11.2015 20:08,Vessel 235098384,P21,Exit
26.11.2015 20:08,Vessel 235098384,P12,Exit
26.11.2015 20:08,Vessel 235098384,P32,Exit
26.11.2015 20:08,Vessel 235098384,P40,Exit
26.11.2015 20:08,Vessel 235103572,P55,Exit
26.11.2015 20:09,Vessel 235103572,P83,Exit
26.11.2015 20:09,Vessel 235103572,P47,Exit
26.11.2015 20:09,Vessel 235103572,P25,Exit
26.11.2015 20:09,Vessel 235103572,P4,Enter
26.11.2015 20:28,Vessel 235090838,P7,Exit
26.11.2015 20:28,Vessel 235090838,P43,Exit
26.11.2015 20:28,Vessel 235090838,P8,Exit
26.11.2015 20:28,Vessel 235103572,P70,Enter
26.11.2015 20:29,Vessel 235100575,P6,Exit
26.11.2015 20:29,Vessel 235100575,P69,Exit
26.11.2015 20:29,Vessel 235100575,P11,Exit
26.11.2015 20:35,Vessel 235098384,P72,Exit
26.11.2015 20:35,Vessel 235108059,P67,Exit
26.11.2015 20:35,Vessel 235108059,P66,Exit
26.11.2015 20:35,Vessel 235108059,P41,Exit
26.11.2015 20:35,Vessel 235098384,P75,Exit
26.11.2015 20:35,Vessel 235098384,P74,Exit
26.11.2015 20:35,Vessel 235098384,P68,Exit
26.11.2015 20:55,Vessel 235103572,P73,Exit
26.11.2015 20:55,Vessel 235103572,P77,Exit
26.11.2015 21:53,Vessel 235090838,P15,Exit
26.11.2015 21:54,Vessel 235098384,P86,Exit
26.11.2015 21:54,Vessel 235103572,P4,Exit
26.11.2015 21:54,Vessel 235103572,P70,Exit
26.11.2015 23:35,Vessel 235103572,P70,Enter
26.11.2015 23:35,Vessel 235103572,P70,Exit
27.11.2015 07:25,Vessel 235103572,P73,Enter
27.11.2015 07:25,Vessel 235103572,P77,Enter
27.11.2015 07:37,Vessel 235100575,P11,Enter
27.11.2015 07:37,Vessel 235100575,P6,Enter
27.11.2015 07:37,Vessel 235100575,P69,Enter
27.11.2015 07:55,Vessel 235103572,P70,Enter
27.11.2015 09:12,Vessel 235098384,P75,Enter
27.11.2015 09:13,Vessel 235098384,P72,Enter
27.11.2015 09:39,Vessel 235103572,P70,Exit
27.11.2015 09:39,Vessel 235098384,P70,Enter
27.11.2015 09:49,Vessel 235108059,P41,Enter
27.11.2015 09:49,Vessel 235108059,P66,Enter
27.11.2015 09:49,Vessel 235108059,P67,Enter
27.11.2015 11:00,Vessel 235090838,P7,Enter
27.11.2015 11:09,Vessel 235090838,P43,Enter
27.11.2015 11:10,Vessel 235090838,P8,Enter
27.11.2015 11:20,Vessel 235100575,P6,Exit
27.11.2015 11:20,H2N,P6,Enter
27.11.2015 11:20,H2N,P6,Exit
27.11.2015 12:11,Vessel 235098384,P70,Exit
27.11.2015 13:06,Vessel 235100575,P6,Enter
27.11.2015 13:06,Vessel 235100575,P69,Exit
27.11.2015 13:06,Vessel 235100575,P11,Exit
27.11.2015 13:12,Vessel 235100575,P6,Exit
27.11.2015 13:30,Vessel 235098384,P72,Exit
27.11.2015 13:35,Vessel 235098384,P75,Exit
27.11.2015 13:56,Vessel 235103572,P84,Exit
27.11.2015 15:46,Vessel 235090838,P8,Exit
27.11.2015 15:46,Vessel 235090838,P7,Exit
27.11.2015 15:46,Vessel 235090838,P43,Exit
27.11.2015 15:46,Vessel 235103572,P76,Exit
27.11.2015 15:56,Vessel 235103572,P77,Exit
27.11.2015 15:56,Vessel 235103572,P73,Exit
28.11.2015 10:10,Vessel 235090838,P8,Enter
28.11.2015 10:10,Vessel 235090838,P43,Enter
28.11.2015 10:10,Vessel 235090838,P7,Enter
28.11.2015 11:26,Vessel 235098384,P72,Enter
28.11.2015 11:35,Vessel 235103572,P73,Enter
28.11.2015 11:35,Vessel 235103572,P76,Enter
28.11.2015 11:35,Vessel 235103572,P77,Enter
28.11.2015 12:40,Vessel 235100575,P6,Enter
28.11.2015 12:40,Vessel 235100575,P11,Enter
28.11.2015 12:41,Vessel 235100575,P69,Enter
28.11.2015 12:56,Vessel 235100575,P69,Exit
28.11.2015 12:56,Vessel 235100575,P6,Exit
28.11.2015 12:56,Vessel 235100575,P11,Exit
28.11.2015 13:18,Vessel 235103572,P76,Exit
28.11.2015 13:19,Vessel 235103572,P77,Exit
28.11.2015 13:21,Vessel 235098384,P72,Exit
28.11.2015 13:35,Vessel 235090838,P7,Exit
28.11.2015 13:35,Vessel 235090838,P43,Exit
28.11.2015 13:35,Vessel 235090838,P8,Exit
28.11.2015 13:48,Vessel 235108059,P41,Exit
28.11.2015 13:49,Vessel 235108059,P67,Exit
28.11.2015 13:49,Vessel 235108059,P66,Exit
28.11.2015 14:57,Vessel 235103572,P73,Exit
29.11.2015 00:00,Vessel 235108059,P66,Enter
29.11.2015 00:10,Vessel 235108059,P41,Enter
29.11.2015 02:09,Vessel 235108059,P66,Exit
29.11.2015 02:09,Vessel 235108059,P41,Exit
29.11.2015 10:12,Vessel 235100575,P6,Enter
29.11.2015 10:12,Vessel 235100575,P69,Enter
29.11.2015 10:12,Vessel 235100575,P11,Enter
29.11.2015 11:09,Vessel 235103572,P73,Enter
29.11.2015 11:10,Vessel 235103572,P76,Enter
29.11.2015 11:49,Vessel 235090838,P43,Enter
29.11.2015 11:50,Vessel 235090838,P8,Enter
29.11.2015 11:50,Vessel 235090838,P7,Enter
29.11.2015 13:13,Vessel 235103572,P76,Exit
29.11.2015 13:14,Vessel 235103572,P77,Enter
29.11.2015 13:14,Vessel 235103572,P77,Exit
29.11.2015 13:17,Vessel 235103572,P73,Exit
29.11.2015 13:45,Vessel 235108059,P41,Enter
29.11.2015 13:46,Vessel 235108059,P67,Enter
29.11.2015 13:46,Vessel 235108059,P66,Enter
29.11.2015 13:48,Vessel 235090838,P43,Exit
29.11.2015 13:48,Vessel 235090838,P8,Exit
29.11.2015 13:48,Vessel 235100575,P11,Exit
29.11.2015 13:48,Vessel 235090838,P7,Exit
29.11.2015 13:48,Vessel 235100575,P6,Exit
29.11.2015 13:49,Vessel 235100575,P69,Exit
29.11.2015 14:41,Vessel 235100575,P11,Enter
29.11.2015 14:41,Vessel 235100575,P6,Enter
29.11.2015 14:41,Vessel 235100575,P69,Enter
29.11.2015 14:45,Vessel 235090838,P98,Enter
29.11.2015 19:09,Vessel 235100575,P6,Exit
29.11.2015 19:10,Vessel 235100575,P69,Exit
29.11.2015 19:10,Vessel 235100575,P11,Exit
29.11.2015 20:06,Vessel 235108059,P67,Exit
29.11.2015 20:06,Vessel 235108059,P41,Exit
