Date,ID,ActivePower (MW),Status
2015-11-23 00:00:00,Location,3.03113430035,Working
2015-11-23 00:01:00,Location,2.83716479258,Working
2015-11-23 00:02:00,Location,2.91747667688,Working
2015-11-23 00:03:00,Location,2.78103624543,Working
2015-11-23 00:04:00,Location,2.95040805819,Working
2015-11-23 00:05:00,Location,2.92697900979,Working
2015-11-23 00:06:00,Location,3.00281284974,Working
2015-11-23 00:07:00,Location,2.91726889615,Working
2015-11-23 00:08:00,Location,2.84060800844,Working
2015-11-23 00:09:00,Location,3.03032863699,Working
2015-11-23 00:10:00,Location,2.84309446765,Working
2015-11-23 00:11:00,Location,3.01597504514,Working
2015-11-23 00:12:00,Location,2.87682070146,Working
2015-11-23 00:13:00,Location,2.9937622599,Working
2015-11-23 00:14:00,Location,2.90250078938,Working
2015-11-23 00:15:00,Location,2.79642357325,Working
2015-11-23 00:16:00,Location,2.85800755736,Working
2015-11-23 00:17:00,Location,2.94324106396,Working
2015-11-23 00:18:00,Location,2.90787288497,Working
2015-11-23 00:19:00,Location,2.76984967398,Working
2015-11-23 00:20:00,Location,2.8833692658,Working
2015-11-23 00:21:00,Location,2.80020300379,Working
2015-11-23 00:22:00,Location,2.85022790827,Working
2015-11-23 00:23:00,Location,2.66886026001,Working
2015-11-23 00:24:00,Location,2.5340379492,Working
2015-11-23 00:25:00,Location,2.49742976302,Working
2015-11-23 00:26:00,Location,2.33681279714,Working
2015-11-23 00:27:00,Location,2.22472618847,Working
2015-11-23 00:28:00,Location,2.4051564707,Working
2015-11-23 00:29:00,Location,2.36011792316,Working
2015-11-23 00:30:00,Location,2.5307366872,Working
2015-11-23 00:31:00,Location,2.63961822835,Working
2015-11-23 00:32:00,Location,2.8114009092,Working
2015-11-23 00:33:00,Location,2.88216025113,Working
2015-11-23 00:34:00,Location,3.0698725036,Working
2015-11-23 00:35:00,Location,3.18092295969,Working
2015-11-23 00:36:00,Location,3.1563858153,Working
2015-11-23 00:37:00,Location,3.06625110436,Working
2015-11-23 00:38:00,Location,2.99476786465,Working
2015-11-23 00:39:00,Location,2.89251867386,Working
2015-11-23 00:40:00,Location,3.06684273285,Working
2015-11-23 00:41:00,Location,2.95248407013,Working
2015-11-23 00:42:00,Location,3.14625597355,Working
2015-11-23 00:43:00,Location,3.04196373841,Working
2015-11-23 00:44:00,Location,3.03110709029,Working
2015-11-23 00:45:00,Location,3.06849654971,Working
2015-11-23 00:46:00,Location,3.0413803225,Working
2015-11-23 00:47:00,Location,3.22356571589,Working
2015-11-23 00:48:00,Location,3.03017050404,Working
2015-11-23 00:49:00,Location,3.03667478056,Working
2015-11-23 00:50:00,Location,2.99936521653,Working
2015-11-23 00:51:00,Location,3.19763044481,Working
2015-11-23 00:52:00,Location,3.14346268899,Working
2015-11-23 00:53:00,Location,3.16648491294,Working
2015-11-23 00:54:00,Location,3.02487266218,Working
2015-11-23 00:55:00,Location,2.84179335892,Working
2015-11-23 00:56:00,Location,2.66495626604,Working
2015-11-23 00:57:00,Location,2.54151096915,Working
2015-11-23 00:58:00,Location,2.65737963806,Working
2015-11-23 00:59:00,Location,2.76373533488,Working
2015-11-23 01:00:00,Location,2.70609350754,Working
2015-11-23 01:01:00,Location,2.84440657161,Working
2015-11-23 01:02:00,Location,2.80273392135,Working
2015-11-23 01:03:00,Location,2.95208652601,Working
2015-11-23 01:04:00,Location,3.09357143577,Working
2015-11-23 01:05:00,Location,3.00337986594,Working
2015-11-23 01:06:00,Location,2.94401282922,Working
2015-11-23 01:07:00,Location,3.03886215264,Working
2015-11-23 01:08:00,Location,2.85718106036,Working
2015-11-23 01:09:00,Location,2.84186365435,Working
2015-11-23 01:10:00,Location,2.99501765563,Working
2015-11-23 01:11:00,Location,2.93480993415,Working
2015-11-23 01:12:00,Location,3.07084046688,Working
2015-11-23 01:13:00,Location,2.89699449062,Working
2015-11-23 01:14:00,Location,3.03279342189,Working
2015-11-23 01:15:00,Location,3.08200077456,Working
2015-11-23 01:16:00,Location,2.96176845831,Working
2015-11-23 01:17:00,Location,3.13294488023,Working
2015-11-23 01:18:00,Location,3.10714266579,Working
2015-11-23 01:19:00,Location,3.1452911809,Working
2015-11-23 01:20:00,Location,3.08645510142,Working
2015-11-23 01:21:00,Location,2.93324045422,Working
2015-11-23 01:22:00,Location,2.85817801926,Working
2015-11-23 01:23:00,Location,2.97669803289,Working
2015-11-23 01:24:00,Location,2.93242352008,Working
2015-11-23 01:25:00,Location,2.82572554455,Working
2015-11-23 01:26:00,Location,2.75768327568,Working
2015-11-23 01:27:00,Location,2.64707635386,Working
2015-11-23 01:28:00,Location,2.71103433814,Working
2015-11-23 01:29:00,Location,2.87272958099,Working
2015-11-23 01:30:00,Location,2.92250984347,Working
2015-11-23 01:31:00,Location,2.90531851374,Working
2015-11-23 01:32:00,Location,3.03526947238,Working
2015-11-23 01:33:00,Location,2.91706554512,Working
2015-11-23 01:34:00,Location,2.87620831952,Working
2015-11-23 01:35:00,Location,2.88610509872,Working
2015-11-23 01:36:00,Location,2.82594751338,Working
2015-11-23 01:37:00,Location,2.95610203246,Working
2015-11-23 01:38:00,Location,3.0242852225,Working
2015-11-23 01:39:00,Location,3.05845952226,Working
2015-11-23 01:40:00,Location,3.13312280462,Working
2015-11-23 01:41:00,Location,3.03855285913,Working
2015-11-23 01:42:00,Location,3.20006567537,Working
2015-11-23 01:43:00,Location,3.02450611317,Working
2015-11-23 01:44:00,Location,3.11274026395,Working
2015-11-23 01:45:00,Location,3.00265078191,Working
2015-11-23 01:46:00,Location,2.89408374662,Working
2015-11-23 01:47:00,Location,2.78001068676,Working
2015-11-23 01:48:00,Location,2.80516967857,Working
2015-11-23 01:49:00,Location,2.82939949226,Working
2015-11-23 01:50:00,Location,2.82017945787,Working
2015-11-23 01:51:00,Location,2.82619729285,Working
2015-11-23 01:52:00,Location,2.67805258467,Working
2015-11-23 01:53:00,Location,2.81775232602,Working
2015-11-23 01:54:00,Location,2.85518515453,Working
2015-11-23 01:55:00,Location,3.0071979072,Working
2015-11-23 01:56:00,Location,2.96424641393,Working
2015-11-23 01:57:00,Location,2.99295163023,Working
2015-11-23 01:58:00,Location,3.12314453706,Working
2015-11-23 01:59:00,Location,2.99474134713,Working
2015-11-23 02:00:00,Location,2.80536785164,Working
2015-11-23 02:01:00,Location,2.68996874666,Working
2015-11-23 02:02:00,Location,2.62939602864,Working
2015-11-23 02:03:00,Location,2.71783746649,Working
2015-11-23 02:04:00,Location,2.88583154275,Working
2015-11-23 02:05:00,Location,3.00760656794,Working
2015-11-23 02:06:00,Location,2.92961638511,Working
2015-11-23 02:07:00,Location,2.88187994771,Working
2015-11-23 02:08:00,Location,2.989226128,Working
2015-11-23 02:09:00,Location,2.88978190641,Working
2015-11-23 02:10:00,Location,2.88890630599,Working
2015-11-23 02:11:00,Location,3.00373797124,Working
2015-11-23 02:12:00,Location,3.10469219842,Working
2015-11-23 02:13:00,Location,3.17872054211,Working
2015-11-23 02:14:00,Location,3.11421844604,Working
2015-11-23 02:15:00,Location,3.12472238813,Working
2015-11-23 02:16:00,Location,3.13644418024,Working
2015-11-23 02:17:00,Location,3.25328025825,Working
2015-11-23 02:18:00,Location,3.10558917819,Working
2015-11-23 02:19:00,Location,3.01553960543,Working
2015-11-23 02:20:00,Location,2.87798900568,Working
2015-11-23 02:21:00,Location,2.80457209989,Working
2015-11-23 02:22:00,Location,2.87522526371,Working
2015-11-23 02:23:00,Location,2.93753599462,Working
2015-11-23 02:24:00,Location,2.94920405188,Working
2015-11-23 02:25:00,Location,2.82241477056,Working
2015-11-23 02:26:00,Location,2.6602851503,Working
2015-11-23 02:27:00,Location,2.64188826511,Working
2015-11-23 02:28:00,Location,2.57058083516,Working
2015-11-23 02:29:00,Location,2.70389460517,Working
2015-11-23 02:30:00,Location,2.61445662372,Working
2015-11-23 02:31:00,Location,2.65132103336,Working
2015-11-23 02:32:00,Location,2.55999106126,Working
2015-11-23 02:33:00,Location,2.73851840876,Working
2015-11-23 02:34:00,Location,2.71560593969,Working
2015-11-23 02:35:00,Location,2.54536490084,Working
2015-11-23 02:36:00,Location,2.43484439934,Working
2015-11-23 02:37:00,Location,2.39593765204,Working
2015-11-23 02:38:00,Location,2.5198171011,Working
2015-11-23 02:39:00,Location,2.62630922656,Working
2015-11-23 02:40:00,Location,2.56134650929,Working
2015-11-23 02:41:00,Location,2.40473689022,Working
2015-11-23 02:42:00,Location,2.43989851505,Working
2015-11-23 02:43:00,Location,2.25149155304,Working
2015-11-23 02:44:00,Location,2.26274300949,Working
2015-11-23 02:45:00,Location,2.0967899242,Working
2015-11-23 02:46:00,Location,2.00372348348,Working
2015-11-23 02:47:00,Location,2.05268256734,Working
2015-11-23 02:48:00,Location,2.23406916339,Working
2015-11-23 02:49:00,Location,2.08917969893,Working
2015-11-23 02:50:00,Location,2.04149167116,Working
2015-11-23 02:51:00,Location,2.06987438174,Working
2015-11-23 02:52:00,Location,2.23308078028,Working
2015-11-23 02:53:00,Location,2.35694396839,Working
2015-11-23 02:54:00,Location,2.42925060358,Working
2015-11-23 02:55:00,Location,2.27066308943,Working
2015-11-23 02:56:00,Location,2.08385955226,Working
2015-11-23 02:57:00,Location,2.15687913392,Working
2015-11-23 02:58:00,Location,2.14064508432,Working
2015-11-23 02:59:00,Location,2.28805018728,Working
2015-11-23 03:00:00,Location,2.09872703443,Working
2015-11-23 03:01:00,Location,1.95701681251,Working
2015-11-23 03:02:00,Location,1.86319661742,Working
2015-11-23 03:03:00,Location,1.87334060403,Working
2015-11-23 03:04:00,Location,1.67576992811,Working
2015-11-23 03:05:00,Location,1.83735407775,Working
2015-11-23 03:06:00,Location,1.78868161718,Working
2015-11-23 03:07:00,Location,1.72831209706,Working
2015-11-23 03:08:00,Location,1.72790575616,Working
2015-11-23 03:09:00,Location,1.69330490893,Working
2015-11-23 03:10:00,Location,1.67516313102,Working
2015-11-23 03:11:00,Location,1.77189108476,Working
2015-11-23 03:12:00,Location,1.83322992875,Working
2015-11-23 03:13:00,Location,1.89540126945,Working
2015-11-23 03:14:00,Location,1.70993647535,Working
2015-11-23 03:15:00,Location,1.73394108711,Working
2015-11-23 03:16:00,Location,1.85359373073,Working
2015-11-23 03:17:00,Location,1.90548069162,Working
2015-11-23 03:18:00,Location,1.96213194173,Working
2015-11-23 03:19:00,Location,2.14755525897,Working
2015-11-23 03:20:00,Location,1.98460156,Working
2015-11-23 03:21:00,Location,1.87387218413,Working
2015-11-23 03:22:00,Location,1.8953409394,Working
2015-11-23 03:23:00,Location,1.72772601281,Working
2015-11-23 03:24:00,Location,1.62483589675,Working
2015-11-23 03:25:00,Location,1.68979012501,Working
2015-11-23 03:26:00,Location,1.85370873226,Working
2015-11-23 03:27:00,Location,1.77120466881,Working
2015-11-23 03:28:00,Location,1.8498744741,Working
2015-11-23 03:29:00,Location,1.72554480162,Working
2015-11-23 03:30:00,Location,1.68957417553,Working
2015-11-23 03:31:00,Location,1.7483799347,Working
2015-11-23 03:32:00,Location,1.6900795793,Working
2015-11-23 03:33:00,Location,1.78150541361,Working
2015-11-23 03:34:00,Location,1.86184055008,Working
2015-11-23 03:35:00,Location,1.97016744047,Working
2015-11-23 03:36:00,Location,1.79737604377,Working
2015-11-23 03:37:00,Location,1.63725517835,Working
2015-11-23 03:38:00,Location,1.45403656641,Working
2015-11-23 03:39:00,Location,1.44097963872,Working
2015-11-23 03:40:00,Location,1.33245884897,Working
2015-11-23 03:41:00,Location,1.49705678032,Working
2015-11-23 03:42:00,Location,1.61508368963,Working
2015-11-23 03:43:00,Location,1.76303665887,Working
2015-11-23 03:44:00,Location,1.59703201488,Working
2015-11-23 03:45:00,Location,1.59759551493,Working
2015-11-23 03:46:00,Location,1.41682950841,Working
2015-11-23 03:47:00,Location,1.35766691479,Working
2015-11-23 03:48:00,Location,1.4321389764,Working
2015-11-23 03:49:00,Location,1.47847951984,Working
2015-11-23 03:50:00,Location,1.43958295259,Working
2015-11-23 03:51:00,Location,1.4077277748,Working
2015-11-23 03:52:00,Location,1.50103254787,Working
2015-11-23 03:53:00,Location,1.43616215697,Working
2015-11-23 03:54:00,Location,1.44732406533,Working
2015-11-23 03:55:00,Location,1.34929670397,Working
2015-11-23 03:56:00,Location,1.51249930764,Working
2015-11-23 03:57:00,Location,1.67787425928,Working
2015-11-23 03:58:00,Location,1.54529949754,Working
2015-11-23 03:59:00,Location,1.5017723885,Working
2015-11-23 04:00:00,Location,1.42119132077,Working
2015-11-23 04:01:00,Location,1.36570241999,Working
2015-11-23 04:02:00,Location,1.3284414975,Working
2015-11-23 04:03:00,Location,1.32459889541,Working
2015-11-23 04:04:00,Location,1.4883149756,Working
2015-11-23 04:05:00,Location,1.68736691176,Working
2015-11-23 04:06:00,Location,1.5277091746,Working
2015-11-23 04:07:00,Location,1.6186801857,Working
2015-11-23 04:08:00,Location,1.65879029138,Working
2015-11-23 04:09:00,Location,1.73626414016,Working
2015-11-23 04:10:00,Location,1.70685204095,Working
2015-11-23 04:11:00,Location,1.65069071154,Working
2015-11-23 04:12:00,Location,1.62658468412,Working
2015-11-23 04:13:00,Location,1.44916480334,Working
2015-11-23 04:14:00,Location,1.60607820332,Working
2015-11-23 04:15:00,Location,1.48325867733,Working
2015-11-23 04:16:00,Location,1.63866094355,Working
2015-11-23 04:17:00,Location,1.5786310362,Working
2015-11-23 04:18:00,Location,1.75081291583,Working
2015-11-23 04:19:00,Location,1.90712771063,Working
2015-11-23 04:20:00,Location,1.85766861344,Working
2015-11-23 04:21:00,Location,1.73654763897,Working
2015-11-23 04:22:00,Location,1.91877904843,Working
2015-11-23 04:23:00,Location,1.76145613714,Working
2015-11-23 04:24:00,Location,1.70241527047,Working
2015-11-23 04:25:00,Location,1.85295333817,Working
2015-11-23 04:26:00,Location,1.65334241011,Working
2015-11-23 04:27:00,Location,1.75934751729,Working
2015-11-23 04:28:00,Location,1.83201605001,Working
2015-11-23 04:29:00,Location,1.85596122048,Working
2015-11-23 04:30:00,Location,1.87974035874,Working
2015-11-23 04:31:00,Location,1.817732603,Working
2015-11-23 04:32:00,Location,1.91407607608,Working
2015-11-23 04:33:00,Location,1.90162223448,Working
2015-11-23 04:34:00,Location,1.72615510154,Working
2015-11-23 04:35:00,Location,1.80712794631,Working
2015-11-23 04:36:00,Location,1.83210924986,Working
2015-11-23 04:37:00,Location,1.84362745131,Working
2015-11-23 04:38:00,Location,1.68113511484,Working
2015-11-23 04:39:00,Location,1.80845880559,Working
2015-11-23 04:40:00,Location,1.80560434256,Working
2015-11-23 04:41:00,Location,1.91156575147,Working
2015-11-23 04:42:00,Location,1.97806772795,Working
2015-11-23 04:43:00,Location,2.1633145485,Working
2015-11-23 04:44:00,Location,2.18912220662,Working
2015-11-23 04:45:00,Location,1.99383102401,Working
2015-11-23 04:46:00,Location,2.19157300015,Working
2015-11-23 04:47:00,Location,2.27897840994,Working
2015-11-23 04:48:00,Location,2.47727677894,Working
2015-11-23 04:49:00,Location,2.58060178478,Working
2015-11-23 04:50:00,Location,2.64611144307,Working
2015-11-23 04:51:00,Location,2.65544443242,Working
2015-11-23 04:52:00,Location,2.53004440935,Working
2015-11-23 04:53:00,Location,2.49473503641,Working
2015-11-23 04:54:00,Location,2.32083806593,Working
2015-11-23 04:55:00,Location,2.12261763226,Working
2015-11-23 04:56:00,Location,2.25816264292,Working
2015-11-23 04:57:00,Location,2.4228834472,Working
2015-11-23 04:58:00,Location,2.47863748236,Working
2015-11-23 04:59:00,Location,2.51648888027,Working
2015-11-23 05:00:00,Location,2.6836047433,Working
2015-11-23 05:01:00,Location,2.51897106981,Working
2015-11-23 05:02:00,Location,2.32992948506,Working
2015-11-23 05:03:00,Location,2.19303053902,Working
2015-11-23 05:04:00,Location,2.33959652865,Working
2015-11-23 05:05:00,Location,2.18343615324,Working
2015-11-23 05:06:00,Location,2.34161506823,Working
2015-11-23 05:07:00,Location,2.43768743418,Working
2015-11-23 05:08:00,Location,2.26538875481,Working
2015-11-23 05:09:00,Location,2.1502432346,Working
2015-11-23 05:10:00,Location,2.28674281993,Working
2015-11-23 05:11:00,Location,2.26252955698,Working
2015-11-23 05:12:00,Location,2.15758025493,Working
2015-11-23 05:13:00,Location,2.11147105269,Working
2015-11-23 05:14:00,Location,2.28002234373,Working
2015-11-23 05:15:00,Location,2.15800362178,Working
2015-11-23 05:16:00,Location,2.18599669191,Working
2015-11-23 05:17:00,Location,2.34891743328,Working
2015-11-23 05:18:00,Location,2.18530166749,Working
2015-11-23 05:19:00,Location,2.38038781013,Working
2015-11-23 05:20:00,Location,2.36457379045,Working
2015-11-23 05:21:00,Location,2.20694901604,Working
2015-11-23 05:22:00,Location,2.20631321944,Working
2015-11-23 05:23:00,Location,2.03619858852,Working
2015-11-23 05:24:00,Location,2.23210273667,Working
2015-11-23 05:25:00,Location,2.11355549481,Working
2015-11-23 05:26:00,Location,2.18085253669,Working
2015-11-23 05:27:00,Location,2.20373933213,Working
2015-11-23 05:28:00,Location,2.01659458749,Working
2015-11-23 05:29:00,Location,1.95905510438,Working
2015-11-23 05:30:00,Location,1.97007012704,Working
2015-11-23 05:31:00,Location,2.07032364994,Working
2015-11-23 05:32:00,Location,2.02915212662,Working
2015-11-23 05:33:00,Location,2.20959541231,Working
2015-11-23 05:34:00,Location,2.18911245234,Working
2015-11-23 05:35:00,Location,2.09816355612,Working
2015-11-23 05:36:00,Location,2.24034404947,Working
2015-11-23 05:37:00,Location,2.43581312041,Working
2015-11-23 05:38:00,Location,2.46881309632,Working
2015-11-23 05:39:00,Location,2.62454857804,Working
2015-11-23 05:40:00,Location,2.7203122396,Working
2015-11-23 05:41:00,Location,2.86257201369,Working
2015-11-23 05:42:00,Location,2.7567483951,Working
2015-11-23 05:43:00,Location,2.9389028759,Working
2015-11-23 05:44:00,Location,3.13407208675,Working
2015-11-23 05:45:00,Location,3.17564239571,Working
2015-11-23 05:46:00,Location,3.28004426775,Working
2015-11-23 05:47:00,Location,3.42835923703,Working
2015-11-23 05:48:00,Location,3.56650037324,Working
2015-11-23 05:49:00,Location,3.6,Working
2015-11-23 05:50:00,Location,3.6,Working
2015-11-23 05:51:00,Location,3.47870633399,Working
2015-11-23 05:52:00,Location,3.34929992087,Working
2015-11-23 05:53:00,Location,3.44346164367,Working
2015-11-23 05:54:00,Location,3.53817726791,Working
2015-11-23 05:55:00,Location,3.48188723278,Working
2015-11-23 05:56:00,Location,3.49154440634,Working
2015-11-23 05:57:00,Location,3.46676280719,Working
2015-11-23 05:58:00,Location,3.6,Working
2015-11-23 05:59:00,Location,3.45351051903,Working
2015-11-23 06:00:00,Location,3.51502114676,Working
2015-11-23 06:01:00,Location,3.40569239081,Working
2015-11-23 06:02:00,Location,3.29855196865,Working
2015-11-23 06:03:00,Location,3.16315183016,Working
2015-11-23 06:04:00,Location,3.10428697127,Working
2015-11-23 06:05:00,Location,3.099327457,Working
2015-11-23 06:06:00,Location,2.90956624085,Working
2015-11-23 06:07:00,Location,2.87593436529,Working
2015-11-23 06:08:00,Location,2.9914370386,Working
2015-11-23 06:09:00,Location,3.16991779844,Working
2015-11-23 06:10:00,Location,3.11222192758,Working
2015-11-23 06:11:00,Location,3.13898025222,Working
2015-11-23 06:12:00,Location,3.17845990092,Working
2015-11-23 06:13:00,Location,3.09247527357,Working
2015-11-23 06:14:00,Location,3.0349856461,Working
2015-11-23 06:15:00,Location,2.99822214045,Working
2015-11-23 06:16:00,Location,2.86052364835,Working
2015-11-23 06:17:00,Location,3.01373216833,Working
2015-11-23 06:18:00,Location,3.19448000261,Working
2015-11-23 06:19:00,Location,3.11773652966,Working
2015-11-23 06:20:00,Location,3.01406597437,Working
2015-11-23 06:21:00,Location,3.03544401687,Working
2015-11-23 06:22:00,Location,3.05547095548,Working
2015-11-23 06:23:00,Location,3.18329706926,Working
2015-11-23 06:24:00,Location,3.06829806222,Working
2015-11-23 06:25:00,Location,2.89238735734,Working
2015-11-23 06:26:00,Location,2.77166061172,Working
2015-11-23 06:27:00,Location,2.91719617509,Working
2015-11-23 06:28:00,Location,2.88000419324,Working
2015-11-23 06:29:00,Location,2.90398284968,Working
2015-11-23 06:30:00,Location,2.76071605843,Working
2015-11-23 06:31:00,Location,2.67692992923,Working
2015-11-23 06:32:00,Location,2.65813108003,Working
2015-11-23 06:33:00,Location,2.64919655317,Working
2015-11-23 06:34:00,Location,2.71773297322,Working
2015-11-23 06:35:00,Location,2.77133948171,Working
2015-11-23 06:36:00,Location,2.80603660185,Working
2015-11-23 06:37:00,Location,2.75789495946,Working
2015-11-23 06:38:00,Location,2.73351855051,Working
2015-11-23 06:39:00,Location,2.90432517134,Working
2015-11-23 06:40:00,Location,3.02481949668,Working
2015-11-23 06:41:00,Location,2.88071541351,Working
2015-11-23 06:42:00,Location,2.86495076765,Working
2015-11-23 06:43:00,Location,2.95252538033,Working
2015-11-23 06:44:00,Location,2.99739486831,Working
2015-11-23 06:45:00,Location,3.12668749967,Working
2015-11-23 06:46:00,Location,3.14965688638,Working
2015-11-23 06:47:00,Location,3.16482397372,Working
2015-11-23 06:48:00,Location,3.32978807548,Working
2015-11-23 06:49:00,Location,3.39846358537,Working
2015-11-23 06:50:00,Location,3.28463379145,Working
2015-11-23 06:51:00,Location,3.44418343093,Working
2015-11-23 06:52:00,Location,3.6,Working
2015-11-23 06:53:00,Location,3.6,Working
2015-11-23 06:54:00,Location,3.41533690122,Working
2015-11-23 06:55:00,Location,3.56086091681,Working
2015-11-23 06:56:00,Location,3.55081001461,Working
2015-11-23 06:57:00,Location,3.50460894682,Working
2015-11-23 06:58:00,Location,3.36316273024,Working
2015-11-23 06:59:00,Location,3.20151975509,Working
2015-11-23 07:00:00,Location,3.25964428829,Working
2015-11-23 07:01:00,Location,3.27804363567,Working
2015-11-23 07:02:00,Location,3.31970961038,Working
2015-11-23 07:03:00,Location,3.42166132853,Working
2015-11-23 07:04:00,Location,3.48563663927,Working
2015-11-23 07:05:00,Location,3.47878492858,Working
2015-11-23 07:06:00,Location,3.2829331945,Working
2015-11-23 07:07:00,Location,3.35771713165,Working
2015-11-23 07:08:00,Location,3.25952192938,Working
2015-11-23 07:09:00,Location,3.27614951489,Working
2015-11-23 07:10:00,Location,3.46650218181,Working
2015-11-23 07:11:00,Location,3.6,Working
2015-11-23 07:12:00,Location,3.49791392002,Working
2015-11-23 07:13:00,Location,3.6,Working
2015-11-23 07:14:00,Location,3.6,Working
2015-11-23 07:15:00,Location,3.53048837725,Working
2015-11-23 07:16:00,Location,3.45065570153,Working
2015-11-23 07:17:00,Location,3.39219906353,Working
2015-11-23 07:18:00,Location,3.32490365919,Working
2015-11-23 07:19:00,Location,3.36809107723,Working
2015-11-23 07:20:00,Location,3.42166018304,Working
2015-11-23 07:21:00,Location,3.35353407823,Working
2015-11-23 07:22:00,Location,3.2364921677,Working
2015-11-23 07:23:00,Location,3.27449164343,Working
2015-11-23 07:24:00,Location,3.36667140554,Working
2015-11-23 07:25:00,Location,3.25704517162,Working
2015-11-23 07:26:00,Location,3.0706153013,Working
2015-11-23 07:27:00,Location,2.91119012967,Working
2015-11-23 07:28:00,Location,2.92435652298,Working
2015-11-23 07:29:00,Location,2.81578379445,Working
2015-11-23 07:30:00,Location,2.68483320254,Working
2015-11-23 07:31:00,Location,2.84506476066,Working
2015-11-23 07:32:00,Location,2.80038067627,Working
2015-11-23 07:33:00,Location,2.61264039702,Working
2015-11-23 07:34:00,Location,2.660747668,Working
2015-11-23 07:35:00,Location,2.58384550698,Working
2015-11-23 07:36:00,Location,2.44349722037,Working
2015-11-23 07:37:00,Location,2.41643430004,Working
2015-11-23 07:38:00,Location,2.54289022992,Working
2015-11-23 07:39:00,Location,2.34561273187,Working
2015-11-23 07:40:00,Location,2.35907792628,Working
2015-11-23 07:41:00,Location,2.4914402566,Working
2015-11-23 07:42:00,Location,2.59219966354,Working
2015-11-23 07:43:00,Location,2.65175137297,Working
2015-11-23 07:44:00,Location,2.56941652255,Working
2015-11-23 07:45:00,Location,2.59722720606,Working
2015-11-23 07:46:00,Location,2.62633313456,Working
2015-11-23 07:47:00,Location,2.82110518875,Working
2015-11-23 07:48:00,Location,2.99654790716,Working
2015-11-23 07:49:00,Location,2.89606869193,Working
2015-11-23 07:50:00,Location,2.81916696189,Working
2015-11-23 07:51:00,Location,2.87042103804,Working
2015-11-23 07:52:00,Location,3.01670333398,Working
2015-11-23 07:53:00,Location,3.18806162726,Working
2015-11-23 07:54:00,Location,3.04728634491,Working
2015-11-23 07:55:00,Location,2.9863039347,Working
2015-11-23 07:56:00,Location,2.87728792109,Working
2015-11-23 07:57:00,Location,2.91153358735,Working
2015-11-23 07:58:00,Location,2.71393970911,Working
2015-11-23 07:59:00,Location,2.76243219867,Working
2015-11-23 08:00:00,Location,2.85993443955,Working
2015-11-23 08:01:00,Location,3.03398911057,Working
2015-11-23 08:02:00,Location,3.11664310337,Working
2015-11-23 08:03:00,Location,3.01539224672,Working
2015-11-23 08:04:00,Location,3.05881843844,Working
2015-11-23 08:05:00,Location,3.02234011222,Working
2015-11-23 08:06:00,Location,3.21504431422,Working
2015-11-23 08:07:00,Location,3.16384353953,Working
2015-11-23 08:08:00,Location,3.02529623437,Working
2015-11-23 08:09:00,Location,2.95027571801,Working
2015-11-23 08:10:00,Location,2.83097327529,Working
2015-11-23 08:11:00,Location,3.00004118513,Working
2015-11-23 08:12:00,Location,3.11972605248,Working
2015-11-23 08:13:00,Location,2.9679638561,Working
2015-11-23 08:14:00,Location,3.07507171378,Working
2015-11-23 08:15:00,Location,3.14530135843,Working
2015-11-23 08:16:00,Location,3.2519749931,Working
2015-11-23 08:17:00,Location,3.45147959554,Working
2015-11-23 08:18:00,Location,3.6,Working
2015-11-23 08:19:00,Location,3.6,Working
2015-11-23 08:20:00,Location,3.6,Working
2015-11-23 08:21:00,Location,3.55229357778,Working
2015-11-23 08:22:00,Location,3.6,Working
2015-11-23 08:23:00,Location,3.6,Working
2015-11-23 08:24:00,Location,3.49438299542,Working
2015-11-23 08:25:00,Location,3.51524894591,Working
2015-11-23 08:26:00,Location,3.50873637658,Working
2015-11-23 08:27:00,Location,3.31967010368,Working
2015-11-23 08:28:00,Location,3.3946558328,Working
2015-11-23 08:29:00,Location,3.3101541717,Working
2015-11-23 08:30:00,Location,3.36716854217,Working
2015-11-23 08:31:00,Location,3.32103315086,Working
2015-11-23 08:32:00,Location,3.31164541523,Working
2015-11-23 08:33:00,Location,3.4624881369,Working
2015-11-23 08:34:00,Location,3.34525286458,Working
2015-11-23 08:35:00,Location,3.32871559154,Working
2015-11-23 08:36:00,Location,3.41180350068,Working
2015-11-23 08:37:00,Location,3.51545683714,Working
2015-11-23 08:38:00,Location,3.45502682169,Working
2015-11-23 08:39:00,Location,3.52634933045,Working
2015-11-23 08:40:00,Location,3.6,Working
2015-11-23 08:41:00,Location,3.6,Working
2015-11-23 08:42:00,Location,3.6,Working
2015-11-23 08:43:00,Location,3.6,Working
2015-11-23 08:44:00,Location,3.6,Working
2015-11-23 08:45:00,Location,3.53598983957,Working
2015-11-23 08:46:00,Location,3.5594785545,Working
2015-11-23 08:47:00,Location,3.6,Working
2015-11-23 08:48:00,Location,3.6,Working
2015-11-23 08:49:00,Location,3.6,Working
2015-11-23 08:50:00,Location,3.53769757018,Working
2015-11-23 08:51:00,Location,3.41636050601,Working
2015-11-23 08:52:00,Location,3.6,Working
2015-11-23 08:53:00,Location,3.40664291679,Working
2015-11-23 08:54:00,Location,3.6,Working
2015-11-23 08:55:00,Location,3.6,Working
2015-11-23 08:56:00,Location,3.6,Working
2015-11-23 08:57:00,Location,3.55003376356,Working
2015-11-23 08:58:00,Location,3.49814997331,Working
2015-11-23 08:59:00,Location,3.6,Working
2015-11-23 09:00:00,Location,3.6,Working
2015-11-23 09:01:00,Location,3.6,Working
2015-11-23 09:02:00,Location,3.59085355181,Working
2015-11-23 09:03:00,Location,3.6,Working
2015-11-23 09:04:00,Location,3.6,Working
2015-11-23 09:05:00,Location,3.6,Working
2015-11-23 09:06:00,Location,3.51037178396,Working
2015-11-23 09:07:00,Location,3.53429610409,Working
2015-11-23 09:08:00,Location,3.42983679671,Working
2015-11-23 09:09:00,Location,3.37493433584,Working
2015-11-23 09:10:00,Location,3.21353581903,Working
2015-11-23 09:11:00,Location,3.20638565222,Working
2015-11-23 09:12:00,Location,3.15647393787,Working
2015-11-23 09:13:00,Location,3.01703636466,Working
2015-11-23 09:14:00,Location,2.91860844705,Working
2015-11-23 09:15:00,Location,2.96967229713,Working
2015-11-23 09:16:00,Location,3.00251232963,Working
2015-11-23 09:17:00,Location,3.00913775518,Working
2015-11-23 09:18:00,Location,3.10910540007,Working
2015-11-23 09:19:00,Location,3.20777750512,Working
2015-11-23 09:20:00,Location,3.3885131919,Working
2015-11-23 09:21:00,Location,3.49042205517,Working
2015-11-23 09:22:00,Location,3.6,Working
2015-11-23 09:23:00,Location,3.6,Working
2015-11-23 09:24:00,Location,3.6,Working
2015-11-23 09:25:00,Location,3.6,Working
2015-11-23 09:26:00,Location,3.6,Working
2015-11-23 09:27:00,Location,3.44708571299,Working
2015-11-23 09:28:00,Location,3.6,Working
2015-11-23 09:29:00,Location,3.6,Working
2015-11-23 09:30:00,Location,3.6,Working
2015-11-23 09:31:00,Location,3.6,Working
2015-11-23 09:32:00,Location,3.50556079915,Working
2015-11-23 09:33:00,Location,3.52842099817,Working
2015-11-23 09:34:00,Location,3.6,Working
2015-11-23 09:35:00,Location,3.6,Working
2015-11-23 09:36:00,Location,3.45240963149,Working
2015-11-23 09:37:00,Location,3.4227241909,Working
2015-11-23 09:38:00,Location,3.32365753063,Working
2015-11-23 09:39:00,Location,3.13838392697,Working
2015-11-23 09:40:00,Location,3.04545569293,Working
2015-11-23 09:41:00,Location,2.8672375806,Working
2015-11-23 09:42:00,Location,2.99875149387,Working
2015-11-23 09:43:00,Location,3.19474977962,Working
2015-11-23 09:44:00,Location,3.11987493552,Working
2015-11-23 09:45:00,Location,3.20667624043,Working
2015-11-23 09:46:00,Location,3.08850027766,Working
2015-11-23 09:47:00,Location,2.96936014545,Working
2015-11-23 09:48:00,Location,3.07420607759,Working
2015-11-23 09:49:00,Location,3.1686610274,Working
2015-11-23 09:50:00,Location,3.0052647552,Working
2015-11-23 09:51:00,Location,3.11384445956,Working
2015-11-23 09:52:00,Location,3.1265962848,Working
2015-11-23 09:53:00,Location,3.14618320231,Working
2015-11-23 09:54:00,Location,3.09709637989,Working
2015-11-23 09:55:00,Location,3.22418381087,Working
2015-11-23 09:56:00,Location,3.03263832072,Working
2015-11-23 09:57:00,Location,3.02736963675,Working
2015-11-23 09:58:00,Location,3.10621654728,Working
2015-11-23 09:59:00,Location,3.05745578073,Working
2015-11-23 10:00:00,Location,3.19281165672,Working
2015-11-23 10:01:00,Location,3.097705124,Working
2015-11-23 10:02:00,Location,3.12032375596,Working
2015-11-23 10:03:00,Location,3.27393848985,Working
2015-11-23 10:04:00,Location,3.2925715533,Working
2015-11-23 10:05:00,Location,3.3331666159,Working
2015-11-23 10:06:00,Location,3.51979545065,Working
2015-11-23 10:07:00,Location,3.38228341111,Working
2015-11-23 10:08:00,Location,3.5466948481,Working
2015-11-23 10:09:00,Location,3.35070454309,Working
2015-11-23 10:10:00,Location,3.37167702806,Working
2015-11-23 10:11:00,Location,3.42489180686,Working
2015-11-23 10:12:00,Location,3.48232790386,Working
2015-11-23 10:13:00,Location,3.57591725338,Working
2015-11-23 10:14:00,Location,3.52576821889,Working
2015-11-23 10:15:00,Location,3.530103789,Working
2015-11-23 10:16:00,Location,3.34716776074,Working
2015-11-23 10:17:00,Location,3.31852944386,Working
2015-11-23 10:18:00,Location,3.13518882547,Working
2015-11-23 10:19:00,Location,3.1031807036,Working
2015-11-23 10:20:00,Location,2.97143922248,Working
2015-11-23 10:21:00,Location,2.93173445527,Working
2015-11-23 10:22:00,Location,2.7630152839,Working
2015-11-23 10:23:00,Location,2.6812876074,Working
2015-11-23 10:24:00,Location,2.8077439371,Working
2015-11-23 10:25:00,Location,2.88344632275,Working
2015-11-23 10:26:00,Location,2.74986789705,Working
2015-11-23 10:27:00,Location,2.74762889104,Working
2015-11-23 10:28:00,Location,2.75987939026,Working
2015-11-23 10:29:00,Location,2.6688699275,Working
2015-11-23 10:30:00,Location,2.75613002274,Working
2015-11-23 10:31:00,Location,2.59548364757,Working
2015-11-23 10:32:00,Location,2.67465216349,Working
2015-11-23 10:33:00,Location,2.7545458165,Working
2015-11-23 10:34:00,Location,2.76542310797,Working
2015-11-23 10:35:00,Location,2.75913664771,Working
2015-11-23 10:36:00,Location,2.73072923985,Working
2015-11-23 10:37:00,Location,2.66667368132,Working
2015-11-23 10:38:00,Location,2.60051710472,Working
2015-11-23 10:39:00,Location,2.76114421345,Working
2015-11-23 10:40:00,Location,2.68004105828,Working
2015-11-23 10:41:00,Location,2.57042175832,Working
2015-11-23 10:42:00,Location,2.72216711358,Working
2015-11-23 10:43:00,Location,2.80259502516,Working
2015-11-23 10:44:00,Location,2.93529121417,Working
2015-11-23 10:45:00,Location,2.75901437812,Working
2015-11-23 10:46:00,Location,2.75242845691,Working
2015-11-23 10:47:00,Location,2.86473299386,Working
2015-11-23 10:48:00,Location,2.71934847818,Working
2015-11-23 10:49:00,Location,2.90369959239,Working
2015-11-23 10:50:00,Location,2.77009623374,Working
2015-11-23 10:51:00,Location,2.71272188661,Working
2015-11-23 10:52:00,Location,2.88597244799,Working
2015-11-23 10:53:00,Location,3.08345862492,Working
2015-11-23 10:54:00,Location,3.22095101909,Working
2015-11-23 10:55:00,Location,3.23332730939,Working
2015-11-23 10:56:00,Location,3.28224296754,Working
2015-11-23 10:57:00,Location,3.3558902171,Working
2015-11-23 10:58:00,Location,3.19769657929,Working
2015-11-23 10:59:00,Location,3.02682446972,Working
2015-11-23 11:00:00,Location,3.18455713037,Working
2015-11-23 11:01:00,Location,3.25866370768,Working
2015-11-23 11:02:00,Location,3.42680630435,Working
2015-11-23 11:03:00,Location,3.54278615184,Working
2015-11-23 11:04:00,Location,3.49048624245,Working
2015-11-23 11:05:00,Location,3.57674179823,Working
2015-11-23 11:06:00,Location,3.5952452916,Working
2015-11-23 11:07:00,Location,3.41785124533,Working
2015-11-23 11:08:00,Location,3.5956465258,Working
2015-11-23 11:09:00,Location,3.58831781697,Working
2015-11-23 11:10:00,Location,3.4043788867,Working
2015-11-23 11:11:00,Location,3.52241783601,Working
2015-11-23 11:12:00,Location,3.58767429629,Working
2015-11-23 11:13:00,Location,3.6,Working
2015-11-23 11:14:00,Location,3.52653663505,Working
2015-11-23 11:15:00,Location,3.6,Working
2015-11-23 11:16:00,Location,3.6,Working
2015-11-23 11:17:00,Location,3.6,Working
2015-11-23 11:18:00,Location,3.50307736887,Working
2015-11-23 11:19:00,Location,3.3749879198,Working
2015-11-23 11:20:00,Location,3.50390242369,Working
2015-11-23 11:21:00,Location,3.40588431439,Working
2015-11-23 11:22:00,Location,3.5759026785,Working
2015-11-23 11:23:00,Location,3.6,Working
2015-11-23 11:24:00,Location,3.6,Working
2015-11-23 11:25:00,Location,3.4664691711,Working
2015-11-23 11:26:00,Location,3.45314037409,Working
2015-11-23 11:27:00,Location,3.6,Working
2015-11-23 11:28:00,Location,3.58167216361,Working
2015-11-23 11:29:00,Location,3.51522298825,Working
2015-11-23 11:30:00,Location,3.6,Working
2015-11-23 11:31:00,Location,3.46434043173,Working
2015-11-23 11:32:00,Location,3.35952329503,Working
2015-11-23 11:33:00,Location,3.27375420499,Working
2015-11-23 11:34:00,Location,3.3775596432,Working
2015-11-23 11:35:00,Location,3.36628346894,Working
2015-11-23 11:36:00,Location,3.29919466438,Working
2015-11-23 11:37:00,Location,3.47827975732,Working
2015-11-23 11:38:00,Location,3.35467168236,Working
2015-11-23 11:39:00,Location,3.37700703373,Working
2015-11-23 11:40:00,Location,3.44657036799,Working
2015-11-23 11:41:00,Location,3.26052378363,Working
2015-11-23 11:42:00,Location,3.17355758644,Working
2015-11-23 11:43:00,Location,3.10919998021,Working
2015-11-23 11:44:00,Location,3.16134282746,Working
2015-11-23 11:45:00,Location,3.29403473374,Working
2015-11-23 11:46:00,Location,3.12338808273,Working
2015-11-23 11:47:00,Location,3.12380506738,Working
2015-11-23 11:48:00,Location,3.1284581348,Working
2015-11-23 11:49:00,Location,3.23101987794,Working
2015-11-23 11:50:00,Location,3.06853227779,Working
2015-11-23 11:51:00,Location,3.18103723583,Working
2015-11-23 11:52:00,Location,3.03838543179,Working
2015-11-23 11:53:00,Location,2.88596458227,Working
2015-11-23 11:54:00,Location,2.87480784901,Working
2015-11-23 11:55:00,Location,2.97259397764,Working
2015-11-23 11:56:00,Location,2.97567034307,Working
2015-11-23 11:57:00,Location,2.87157913483,Working
2015-11-23 11:58:00,Location,2.7373854435,Working
2015-11-23 11:59:00,Location,2.71234823979,Working
2015-11-23 12:00:00,Location,2.54278571786,Working
2015-11-23 12:01:00,Location,2.74062585828,Working
2015-11-23 12:02:00,Location,2.69783054534,Working
2015-11-23 12:03:00,Location,2.80471595654,Working
2015-11-23 12:04:00,Location,2.73715837526,Working
2015-11-23 12:05:00,Location,2.91442995064,Working
2015-11-23 12:06:00,Location,2.94632823972,Working
2015-11-23 12:07:00,Location,2.98808894064,Working
2015-11-23 12:08:00,Location,2.80349124943,Working
2015-11-23 12:09:00,Location,2.99870995826,Working
2015-11-23 12:10:00,Location,3.18637677828,Working
2015-11-23 12:11:00,Location,3.15059512549,Working
2015-11-23 12:12:00,Location,3.28393710082,Working
2015-11-23 12:13:00,Location,3.10475683752,Working
2015-11-23 12:14:00,Location,2.94806301989,Working
2015-11-23 12:15:00,Location,2.91167871619,Working
2015-11-23 12:16:00,Location,2.93214752688,Working
2015-11-23 12:17:00,Location,2.77052453395,Working
2015-11-23 12:18:00,Location,2.85092367438,Working
2015-11-23 12:19:00,Location,2.69997409364,Working
2015-11-23 12:20:00,Location,2.76773264206,Working
2015-11-23 12:21:00,Location,2.90006094582,Working
2015-11-23 12:22:00,Location,3.08864079041,Working
2015-11-23 12:23:00,Location,2.94889454891,Working
2015-11-23 12:24:00,Location,3.05232919586,Working
2015-11-23 12:25:00,Location,3.18116541735,Working
2015-11-23 12:26:00,Location,3.2265643887,Working
2015-11-23 12:27:00,Location,3.4110705915,Working
2015-11-23 12:28:00,Location,3.3513288728,Working
2015-11-23 12:29:00,Location,3.48151092178,Working
2015-11-23 12:30:00,Location,3.47101718933,Working
2015-11-23 12:31:00,Location,3.46905949267,Working
2015-11-23 12:32:00,Location,3.58804956952,Working
2015-11-23 12:33:00,Location,3.45849409932,Working
2015-11-23 12:34:00,Location,3.49822267884,Working
2015-11-23 12:35:00,Location,3.52995839798,Working
2015-11-23 12:36:00,Location,3.57301928639,Working
2015-11-23 12:37:00,Location,3.6,Working
2015-11-23 12:38:00,Location,3.48045217407,Working
2015-11-23 12:39:00,Location,3.47145222456,Working
2015-11-23 12:40:00,Location,3.53007939244,Working
2015-11-23 12:41:00,Location,3.54699265713,Working
2015-11-23 12:42:00,Location,3.35396997261,Working
2015-11-23 12:43:00,Location,3.23643273793,Working
2015-11-23 12:44:00,Location,3.2818020745,Working
2015-11-23 12:45:00,Location,3.44913167138,Working
2015-11-23 12:46:00,Location,3.6,Working
2015-11-23 12:47:00,Location,3.44351893076,Working
2015-11-23 12:48:00,Location,3.48099378916,Working
2015-11-23 12:49:00,Location,3.51373312349,Working
2015-11-23 12:50:00,Location,3.36770650695,Working
2015-11-23 12:51:00,Location,3.25084902009,Working
2015-11-23 12:52:00,Location,3.43220384498,Working
2015-11-23 12:53:00,Location,3.26890841165,Working
2015-11-23 12:54:00,Location,3.29378689541,Working
2015-11-23 12:55:00,Location,3.11334657639,Working
2015-11-23 12:56:00,Location,3.01310831352,Working
2015-11-23 12:57:00,Location,2.95274023071,Working
2015-11-23 12:58:00,Location,3.1357758716,Working
2015-11-23 12:59:00,Location,3.19728300879,Working
2015-11-23 13:00:00,Location,3.11636542627,Working
2015-11-23 13:01:00,Location,3.25771923419,Working
2015-11-23 13:02:00,Location,3.12224213129,Working
2015-11-23 13:03:00,Location,3.30567297069,Working
2015-11-23 13:04:00,Location,3.2168743905,Working
2015-11-23 13:05:00,Location,3.02463345425,Working
2015-11-23 13:06:00,Location,2.90015016922,Working
2015-11-23 13:07:00,Location,2.92025998133,Working
2015-11-23 13:08:00,Location,3.0938711302,Working
2015-11-23 13:09:00,Location,2.90970428213,Working
2015-11-23 13:10:00,Location,2.91648105696,Working
2015-11-23 13:11:00,Location,3.0853224941,Working
2015-11-23 13:12:00,Location,3.09939457333,Working
2015-11-23 13:13:00,Location,3.12831367916,Working
2015-11-23 13:14:00,Location,3.17903370553,Working
2015-11-23 13:15:00,Location,3.10971492748,Working
2015-11-23 13:16:00,Location,3.27686986849,Working
2015-11-23 13:17:00,Location,3.4160744066,Working
2015-11-23 13:18:00,Location,3.4134982826,Working
2015-11-23 13:19:00,Location,3.59775047397,Working
2015-11-23 13:20:00,Location,3.6,Working
2015-11-23 13:21:00,Location,3.52978904793,Working
2015-11-23 13:22:00,Location,3.45551041051,Working
2015-11-23 13:23:00,Location,3.35489044473,Working
2015-11-23 13:24:00,Location,3.18950585784,Working
2015-11-23 13:25:00,Location,3.3136925168,Working
2015-11-23 13:26:00,Location,3.28997133882,Working
2015-11-23 13:27:00,Location,3.18225399368,Working
2015-11-23 13:28:00,Location,3.3579534583,Working
2015-11-23 13:29:00,Location,3.33750838407,Working
2015-11-23 13:30:00,Location,3.19237846736,Working
2015-11-23 13:31:00,Location,3.26181866631,Working
2015-11-23 13:32:00,Location,3.19360888613,Working
2015-11-23 13:33:00,Location,3.04666953151,Working
2015-11-23 13:34:00,Location,3.14093269703,Working
2015-11-23 13:35:00,Location,3.08311260011,Working
2015-11-23 13:36:00,Location,3.13400826669,Working
2015-11-23 13:37:00,Location,3.28831446299,Working
2015-11-23 13:38:00,Location,3.23420194371,Working
2015-11-23 13:39:00,Location,3.35562750877,Working
2015-11-23 13:40:00,Location,3.30106606032,Working
2015-11-23 13:41:00,Location,3.13927461267,Working
2015-11-23 13:42:00,Location,3.0476386861,Working
2015-11-23 13:43:00,Location,3.18348132182,Working
2015-11-23 13:44:00,Location,3.23828966265,Working
2015-11-23 13:45:00,Location,3.2359186926,Working
2015-11-23 13:46:00,Location,3.10002242192,Working
2015-11-23 13:47:00,Location,3.07744520184,Working
2015-11-23 13:48:00,Location,3.17786537764,Working
2015-11-23 13:49:00,Location,3.23836666075,Working
2015-11-23 13:50:00,Location,3.3224659312,Working
2015-11-23 13:51:00,Location,3.15585017833,Working
2015-11-23 13:52:00,Location,3.09474629641,Working
2015-11-23 13:53:00,Location,2.9606270268,Working
2015-11-23 13:54:00,Location,2.99300599089,Working
2015-11-23 13:55:00,Location,3.0513512518,Working
2015-11-23 13:56:00,Location,2.98083505234,Working
2015-11-23 13:57:00,Location,2.89106583255,Working
2015-11-23 13:58:00,Location,2.69839077015,Working
2015-11-23 13:59:00,Location,2.76713652706,Working
2015-11-23 14:00:00,Location,2.75817432437,Working
2015-11-23 14:01:00,Location,2.60553685476,Working
2015-11-23 14:02:00,Location,2.62299967511,Working
2015-11-23 14:03:00,Location,2.80847731866,Working
2015-11-23 14:04:00,Location,2.76798089371,Working
2015-11-23 14:05:00,Location,2.60080528308,Working
2015-11-23 14:06:00,Location,2.58813900179,Working
2015-11-23 14:07:00,Location,2.39174995601,Working
2015-11-23 14:08:00,Location,2.46607343784,Working
2015-11-23 14:09:00,Location,2.55566242964,Working
2015-11-23 14:10:00,Location,2.61534459494,Working
2015-11-23 14:11:00,Location,2.69037998049,Working
2015-11-23 14:12:00,Location,2.55527584639,Working
2015-11-23 14:13:00,Location,2.47948701958,Working
2015-11-23 14:14:00,Location,2.53964184835,Working
2015-11-23 14:15:00,Location,2.67932460143,Working
2015-11-23 14:16:00,Location,2.54719691577,Working
2015-11-23 14:17:00,Location,2.37729840198,Working
2015-11-23 14:18:00,Location,2.29559165262,Working
2015-11-23 14:19:00,Location,2.30278163053,Working
2015-11-23 14:20:00,Location,2.24104789912,Working
2015-11-23 14:21:00,Location,2.07187674302,Working
2015-11-23 14:22:00,Location,2.12613187867,Working
2015-11-23 14:23:00,Location,2.20701148019,Working
2015-11-23 14:24:00,Location,2.28935544956,Working
2015-11-23 14:25:00,Location,2.20792559534,Working
2015-11-23 14:26:00,Location,2.02960422863,Working
2015-11-23 14:27:00,Location,2.00187485838,Working
2015-11-23 14:28:00,Location,1.95084129761,Working
2015-11-23 14:29:00,Location,1.98009160032,Working
2015-11-23 14:30:00,Location,1.9721017826,Working
2015-11-23 14:31:00,Location,1.95834483263,Working
2015-11-23 14:32:00,Location,1.87127012956,Working
2015-11-23 14:33:00,Location,1.80927520705,Working
2015-11-23 14:34:00,Location,1.73822811163,Working
2015-11-23 14:35:00,Location,1.85854839123,Working
2015-11-23 14:36:00,Location,1.7659099928,Working
2015-11-23 14:37:00,Location,1.77722074333,Working
2015-11-23 14:38:00,Location,1.62203375139,Working
2015-11-23 14:39:00,Location,1.46775571918,Working
2015-11-23 14:40:00,Location,1.64103076186,Working
2015-11-23 14:41:00,Location,1.77774221786,Working
2015-11-23 14:42:00,Location,1.8169389233,Working
2015-11-23 14:43:00,Location,2.01526860616,Working
2015-11-23 14:44:00,Location,2.0127647601,Working
2015-11-23 14:45:00,Location,1.81920269093,Working
2015-11-23 14:46:00,Location,1.69758658964,Working
2015-11-23 14:47:00,Location,1.83406133882,Working
2015-11-23 14:48:00,Location,1.83625664692,Working
2015-11-23 14:49:00,Location,1.85104838165,Working
2015-11-23 14:50:00,Location,1.87535082194,Working
2015-11-23 14:51:00,Location,1.85181926362,Working
2015-11-23 14:52:00,Location,1.94233107209,Working
2015-11-23 14:53:00,Location,2.09338955243,Working
2015-11-23 14:54:00,Location,1.95741821509,Working
2015-11-23 14:55:00,Location,2.01490510352,Working
2015-11-23 14:56:00,Location,1.93883132404,Working
2015-11-23 14:57:00,Location,1.99247911554,Working
2015-11-23 14:58:00,Location,1.94556153464,Working
2015-11-23 14:59:00,Location,2.04148600881,Working
2015-11-23 15:00:00,Location,2.22764746225,Working
2015-11-23 15:01:00,Location,2.2065223499,Working
2015-11-23 15:02:00,Location,2.36856009137,Working
2015-11-23 15:03:00,Location,2.26466674233,Working
2015-11-23 15:04:00,Location,2.43958522355,Working
2015-11-23 15:05:00,Location,2.29488037604,Working
2015-11-23 15:06:00,Location,2.21548221505,Working
2015-11-23 15:07:00,Location,2.20196839235,Working
2015-11-23 15:08:00,Location,2.21856639522,Working
2015-11-23 15:09:00,Location,2.37250633435,Working
2015-11-23 15:10:00,Location,2.50819390814,Working
2015-11-23 15:11:00,Location,2.36886155976,Working
2015-11-23 15:12:00,Location,2.20829307465,Working
2015-11-23 15:13:00,Location,2.35305499199,Working
2015-11-23 15:14:00,Location,2.25414257772,Working
2015-11-23 15:15:00,Location,2.12616296949,Working
2015-11-23 15:16:00,Location,2.19861297465,Working
2015-11-23 15:17:00,Location,2.06469201988,Working
2015-11-23 15:18:00,Location,2.02017787896,Working
2015-11-23 15:19:00,Location,1.96572267186,Working
2015-11-23 15:20:00,Location,1.98175630461,Working
2015-11-23 15:21:00,Location,1.95002746625,Working
2015-11-23 15:22:00,Location,1.8246265581,Working
2015-11-23 15:23:00,Location,1.89826399761,Working
2015-11-23 15:24:00,Location,1.76107697445,Working
2015-11-23 15:25:00,Location,1.57358886601,Working
2015-11-23 15:26:00,Location,1.63534531982,Working
2015-11-23 15:27:00,Location,1.55765514253,Working
2015-11-23 15:28:00,Location,1.35784987714,Working
2015-11-23 15:29:00,Location,1.46324330388,Working
2015-11-23 15:30:00,Location,1.28874479672,Working
2015-11-23 15:31:00,Location,1.35090216476,Working
2015-11-23 15:32:00,Location,1.45455910626,Working
2015-11-23 15:33:00,Location,1.31304499451,Working
2015-11-23 15:34:00,Location,1.11583105731,Working
2015-11-23 15:35:00,Location,1.13121987649,Working
2015-11-23 15:36:00,Location,1.30279376939,Working
2015-11-23 15:37:00,Location,1.11132615327,Working
2015-11-23 15:38:00,Location,0.923226070319,Working
2015-11-23 15:39:00,Location,0.766976401197,Working
2015-11-23 15:40:00,Location,0.650969772365,Working
2015-11-23 15:41:00,Location,0.522842983924,Working
2015-11-23 15:42:00,Location,0.38356839433,Working
2015-11-23 15:43:00,Location,0.288505840182,Working
2015-11-23 15:44:00,Location,0.120391812267,Working
2015-11-23 15:45:00,Location,0.236550654412,Working
2015-11-23 15:46:00,Location,0.378839346579,Working
2015-11-23 15:47:00,Location,0.440781421557,Working
2015-11-23 15:48:00,Location,0.490701683026,Working
2015-11-23 15:49:00,Location,0.306739175028,Working
2015-11-23 15:50:00,Location,0.196048124872,Working
2015-11-23 15:51:00,Location,0.00557851042725,Working
2015-11-23 15:52:00,Location,-0.165855697297,Broken
2015-11-23 15:53:00,Location,-0.165855697297,Broken
2015-11-23 15:54:00,Location,-0.165855697297,Broken
2015-11-23 15:55:00,Location,-0.165855697297,Broken
2015-11-23 15:56:00,Location,-0.165855697297,Broken
2015-11-23 15:57:00,Location,-0.165855697297,Broken
2015-11-23 15:58:00,Location,-0.165855697297,Broken
2015-11-23 15:59:00,Location,-0.165855697297,Broken
2015-11-23 16:00:00,Location,-0.165855697297,Broken
2015-11-23 16:01:00,Location,-0.165855697297,Broken
2015-11-23 16:02:00,Location,-0.165855697297,Broken
2015-11-23 16:03:00,Location,-0.165855697297,Broken
2015-11-23 16:04:00,Location,-0.165855697297,Broken
2015-11-23 16:05:00,Location,-0.165855697297,Broken
2015-11-23 16:06:00,Location,-0.165855697297,Broken
2015-11-23 16:07:00,Location,-0.165855697297,Broken
2015-11-23 16:08:00,Location,-0.165855697297,Broken
2015-11-23 16:09:00,Location,-0.165855697297,Broken
2015-11-23 16:10:00,Location,-0.165855697297,Broken
2015-11-23 16:11:00,Location,-0.165855697297,Broken
2015-11-23 16:12:00,Location,-0.165855697297,Broken
2015-11-23 16:13:00,Location,-0.165855697297,Broken
2015-11-23 16:14:00,Location,-0.165855697297,Broken
2015-11-23 16:15:00,Location,-0.165855697297,Broken
2015-11-23 16:16:00,Location,-0.165855697297,Broken
2015-11-23 16:17:00,Location,-0.165855697297,Broken
2015-11-23 16:18:00,Location,-0.165855697297,Broken
2015-11-23 16:19:00,Location,-0.165855697297,Broken
2015-11-23 16:20:00,Location,-0.165855697297,Broken
2015-11-23 16:21:00,Location,-0.165855697297,Broken
2015-11-23 16:22:00,Location,-0.165855697297,Broken
2015-11-23 16:23:00,Location,-0.165855697297,Broken
2015-11-23 16:24:00,Location,-0.165855697297,Broken
2015-11-23 16:25:00,Location,-0.165855697297,Broken
2015-11-23 16:26:00,Location,-0.165855697297,Broken
2015-11-23 16:27:00,Location,-0.165855697297,Broken
2015-11-23 16:28:00,Location,-0.165855697297,Broken
2015-11-23 16:29:00,Location,-0.165855697297,Broken
2015-11-23 16:30:00,Location,-0.165855697297,Broken
2015-11-23 16:31:00,Location,-0.165855697297,Broken
2015-11-23 16:32:00,Location,-0.165855697297,Broken
2015-11-23 16:33:00,Location,-0.165855697297,Broken
2015-11-23 16:34:00,Location,-0.165855697297,Broken
2015-11-23 16:35:00,Location,-0.165855697297,Broken
2015-11-23 16:36:00,Location,-0.165855697297,Broken
2015-11-23 16:37:00,Location,-0.165855697297,Broken
2015-11-23 16:38:00,Location,-0.165855697297,Broken
2015-11-23 16:39:00,Location,-0.165855697297,Broken
2015-11-23 16:40:00,Location,-0.165855697297,Broken
2015-11-23 16:41:00,Location,-0.165855697297,Broken
2015-11-23 16:42:00,Location,-0.165855697297,Broken
2015-11-23 16:43:00,Location,-0.165855697297,Broken
2015-11-23 16:44:00,Location,-0.165855697297,Broken
2015-11-23 16:45:00,Location,-0.165855697297,Broken
2015-11-23 16:46:00,Location,-0.165855697297,Broken
2015-11-23 16:47:00,Location,-0.165855697297,Broken
2015-11-23 16:48:00,Location,-0.165855697297,Broken
2015-11-23 16:49:00,Location,-0.165855697297,Broken
2015-11-23 16:50:00,Location,-0.165855697297,Broken
2015-11-23 16:51:00,Location,-0.165855697297,Broken
2015-11-23 16:52:00,Location,-0.165855697297,Broken
2015-11-23 16:53:00,Location,-0.165855697297,Broken
2015-11-23 16:54:00,Location,-0.165855697297,Broken
2015-11-23 16:55:00,Location,-0.165855697297,Broken
2015-11-23 16:56:00,Location,-0.165855697297,Broken
2015-11-23 16:57:00,Location,-0.165855697297,Broken
2015-11-23 16:58:00,Location,-0.165855697297,Broken
2015-11-23 16:59:00,Location,-0.165855697297,Broken
2015-11-23 17:00:00,Location,-0.165855697297,Broken
2015-11-23 17:01:00,Location,-0.165855697297,Broken
2015-11-23 17:02:00,Location,-0.165855697297,Broken
2015-11-23 17:03:00,Location,-0.165855697297,Broken
2015-11-23 17:04:00,Location,-0.165855697297,Broken
2015-11-23 17:05:00,Location,-0.165855697297,Broken
2015-11-23 17:06:00,Location,-0.165855697297,Broken
2015-11-23 17:07:00,Location,-0.165855697297,Broken
2015-11-23 17:08:00,Location,-0.165855697297,Broken
2015-11-23 17:09:00,Location,-0.165855697297,Broken
2015-11-23 17:10:00,Location,-0.165855697297,Broken
2015-11-23 17:11:00,Location,-0.165855697297,Broken
2015-11-23 17:12:00,Location,-0.165855697297,Broken
2015-11-23 17:13:00,Location,-0.165855697297,Broken
2015-11-23 17:14:00,Location,-0.165855697297,Broken
2015-11-23 17:15:00,Location,-0.165855697297,Broken
2015-11-23 17:16:00,Location,-0.165855697297,Broken
2015-11-23 17:17:00,Location,-0.165855697297,Broken
2015-11-23 17:18:00,Location,-0.165855697297,Broken
2015-11-23 17:19:00,Location,-0.165855697297,Broken
2015-11-23 17:20:00,Location,-0.165855697297,Broken
2015-11-23 17:21:00,Location,-0.165855697297,Broken
2015-11-23 17:22:00,Location,-0.165855697297,Broken
2015-11-23 17:23:00,Location,-0.165855697297,Broken
2015-11-23 17:24:00,Location,-0.165855697297,Broken
2015-11-23 17:25:00,Location,-0.165855697297,Broken
2015-11-23 17:26:00,Location,-0.165855697297,Broken
2015-11-23 17:27:00,Location,-0.165855697297,Broken
2015-11-23 17:28:00,Location,-0.165855697297,Broken
2015-11-23 17:29:00,Location,-0.165855697297,Broken
2015-11-23 17:30:00,Location,-0.165855697297,Broken
2015-11-23 17:31:00,Location,-0.165855697297,Broken
2015-11-23 17:32:00,Location,-0.165855697297,Broken
2015-11-23 17:33:00,Location,-0.165855697297,Broken
2015-11-23 17:34:00,Location,-0.165855697297,Broken
2015-11-23 17:35:00,Location,-0.165855697297,Broken
2015-11-23 17:36:00,Location,-0.165855697297,Broken
2015-11-23 17:37:00,Location,-0.165855697297,Broken
2015-11-23 17:38:00,Location,-0.165855697297,Broken
2015-11-23 17:39:00,Location,-0.165855697297,Broken
2015-11-23 17:40:00,Location,-0.165855697297,Broken
2015-11-23 17:41:00,Location,-0.165855697297,Broken
2015-11-23 17:42:00,Location,-0.165855697297,Broken
2015-11-23 17:43:00,Location,-0.165855697297,Broken
2015-11-23 17:44:00,Location,-0.165855697297,Broken
2015-11-23 17:45:00,Location,-0.165855697297,Broken
2015-11-23 17:46:00,Location,-0.165855697297,Broken
2015-11-23 17:47:00,Location,-0.165855697297,Broken
2015-11-23 17:48:00,Location,-0.165855697297,Broken
2015-11-23 17:49:00,Location,-0.165855697297,Broken
2015-11-23 17:50:00,Location,-0.165855697297,Broken
2015-11-23 17:51:00,Location,-0.165855697297,Broken
2015-11-23 17:52:00,Location,-0.165855697297,Broken
2015-11-23 17:53:00,Location,-0.165855697297,Broken
2015-11-23 17:54:00,Location,-0.165855697297,Broken
2015-11-23 17:55:00,Location,-0.165855697297,Broken
2015-11-23 17:56:00,Location,-0.165855697297,Broken
2015-11-23 17:57:00,Location,-0.165855697297,Broken
2015-11-23 17:58:00,Location,-0.165855697297,Broken
2015-11-23 17:59:00,Location,-0.165855697297,Broken
2015-11-23 18:00:00,Location,-0.165855697297,Broken
2015-11-23 18:01:00,Location,-0.165855697297,Broken
2015-11-23 18:02:00,Location,-0.165855697297,Broken
2015-11-23 18:03:00,Location,-0.165855697297,Broken
2015-11-23 18:04:00,Location,-0.165855697297,Broken
2015-11-23 18:05:00,Location,-0.165855697297,Broken
2015-11-23 18:06:00,Location,-0.165855697297,Broken
2015-11-23 18:07:00,Location,-0.165855697297,Broken
2015-11-23 18:08:00,Location,-0.165855697297,Broken
2015-11-23 18:09:00,Location,-0.165855697297,Broken
2015-11-23 18:10:00,Location,-0.165855697297,Broken
2015-11-23 18:11:00,Location,-0.165855697297,Broken
2015-11-23 18:12:00,Location,-0.165855697297,Broken
2015-11-23 18:13:00,Location,-0.165855697297,Broken
2015-11-23 18:14:00,Location,-0.165855697297,Broken
2015-11-23 18:15:00,Location,-0.165855697297,Broken
2015-11-23 18:16:00,Location,-0.165855697297,Broken
2015-11-23 18:17:00,Location,-0.165855697297,Broken
2015-11-23 18:18:00,Location,-0.165855697297,Broken
2015-11-23 18:19:00,Location,-0.165855697297,Broken
2015-11-23 18:20:00,Location,-0.165855697297,Broken
2015-11-23 18:21:00,Location,-0.165855697297,Broken
2015-11-23 18:22:00,Location,-0.165855697297,Broken
2015-11-23 18:23:00,Location,-0.165855697297,Broken
2015-11-23 18:24:00,Location,-0.165855697297,Broken
2015-11-23 18:25:00,Location,-0.165855697297,Broken
2015-11-23 18:26:00,Location,-0.165855697297,Broken
2015-11-23 18:27:00,Location,-0.165855697297,Broken
2015-11-23 18:28:00,Location,-0.165855697297,Broken
2015-11-23 18:29:00,Location,-0.165855697297,Broken
2015-11-23 18:30:00,Location,-0.165855697297,Broken
2015-11-23 18:31:00,Location,-0.165855697297,Broken
2015-11-23 18:32:00,Location,-0.165855697297,Broken
2015-11-23 18:33:00,Location,-0.165855697297,Broken
2015-11-23 18:34:00,Location,-0.165855697297,Broken
2015-11-23 18:35:00,Location,-0.165855697297,Broken
2015-11-23 18:36:00,Location,-0.165855697297,Broken
2015-11-23 18:37:00,Location,-0.165855697297,Broken
2015-11-23 18:38:00,Location,-0.165855697297,Broken
2015-11-23 18:39:00,Location,-0.165855697297,Broken
2015-11-23 18:40:00,Location,-0.165855697297,Broken
2015-11-23 18:41:00,Location,-0.165855697297,Broken
2015-11-23 18:42:00,Location,-0.165855697297,Broken
2015-11-23 18:43:00,Location,-0.165855697297,Broken
2015-11-23 18:44:00,Location,-0.165855697297,Broken
2015-11-23 18:45:00,Location,-0.165855697297,Broken
2015-11-23 18:46:00,Location,-0.165855697297,Broken
2015-11-23 18:47:00,Location,-0.165855697297,Broken
2015-11-23 18:48:00,Location,-0.165855697297,Broken
2015-11-23 18:49:00,Location,-0.165855697297,Broken
2015-11-23 18:50:00,Location,-0.165855697297,Broken
2015-11-23 18:51:00,Location,-0.165855697297,Broken
2015-11-23 18:52:00,Location,-0.165855697297,Broken
2015-11-23 18:53:00,Location,-0.165855697297,Broken
2015-11-23 18:54:00,Location,-0.165855697297,Broken
2015-11-23 18:55:00,Location,-0.165855697297,Broken
2015-11-23 18:56:00,Location,-0.165855697297,Broken
2015-11-23 18:57:00,Location,-0.165855697297,Broken
2015-11-23 18:58:00,Location,-0.165855697297,Broken
2015-11-23 18:59:00,Location,-0.165855697297,Broken
2015-11-23 19:00:00,Location,-0.165855697297,Broken
2015-11-23 19:01:00,Location,-0.165855697297,Broken
2015-11-23 19:02:00,Location,-0.165855697297,Broken
2015-11-23 19:03:00,Location,-0.165855697297,Broken
2015-11-23 19:04:00,Location,-0.165855697297,Broken
2015-11-23 19:05:00,Location,-0.165855697297,Broken
2015-11-23 19:06:00,Location,-0.165855697297,Broken
2015-11-23 19:07:00,Location,-0.165855697297,Broken
2015-11-23 19:08:00,Location,-0.165855697297,Broken
2015-11-23 19:09:00,Location,-0.165855697297,Broken
2015-11-23 19:10:00,Location,-0.165855697297,Broken
2015-11-23 19:11:00,Location,-0.165855697297,Broken
2015-11-23 19:12:00,Location,-0.165855697297,Broken
2015-11-23 19:13:00,Location,-0.165855697297,Broken
2015-11-23 19:14:00,Location,-0.165855697297,Broken
2015-11-23 19:15:00,Location,-0.165855697297,Broken
2015-11-23 19:16:00,Location,-0.165855697297,Broken
2015-11-23 19:17:00,Location,-0.165855697297,Broken
2015-11-23 19:18:00,Location,-0.165855697297,Broken
2015-11-23 19:19:00,Location,-0.165855697297,Broken
2015-11-23 19:20:00,Location,-0.165855697297,Broken
2015-11-23 19:21:00,Location,-0.165855697297,Broken
2015-11-23 19:22:00,Location,-0.165855697297,Broken
2015-11-23 19:23:00,Location,-0.165855697297,Broken
2015-11-23 19:24:00,Location,-0.165855697297,Broken
2015-11-23 19:25:00,Location,-0.165855697297,Broken
2015-11-23 19:26:00,Location,-0.165855697297,Broken
2015-11-23 19:27:00,Location,-0.165855697297,Broken
2015-11-23 19:28:00,Location,-0.165855697297,Broken
2015-11-23 19:29:00,Location,-0.165855697297,Broken
2015-11-23 19:30:00,Location,-0.165855697297,Broken
2015-11-23 19:31:00,Location,-0.165855697297,Broken
2015-11-23 19:32:00,Location,-0.165855697297,Broken
2015-11-23 19:33:00,Location,-0.165855697297,Broken
2015-11-23 19:34:00,Location,-0.165855697297,Broken
2015-11-23 19:35:00,Location,-0.165855697297,Broken
2015-11-23 19:36:00,Location,-0.165855697297,Broken
2015-11-23 19:37:00,Location,-0.165855697297,Broken
2015-11-23 19:38:00,Location,-0.165855697297,Broken
2015-11-23 19:39:00,Location,-0.165855697297,Broken
2015-11-23 19:40:00,Location,-0.165855697297,Broken
2015-11-23 19:41:00,Location,-0.165855697297,Broken
2015-11-23 19:42:00,Location,-0.165855697297,Broken
2015-11-23 19:43:00,Location,-0.165855697297,Broken
2015-11-23 19:44:00,Location,-0.165855697297,Broken
2015-11-23 19:45:00,Location,-0.165855697297,Broken
2015-11-23 19:46:00,Location,-0.165855697297,Broken
2015-11-23 19:47:00,Location,-0.165855697297,Broken
2015-11-23 19:48:00,Location,-0.165855697297,Broken
2015-11-23 19:49:00,Location,-0.165855697297,Broken
2015-11-23 19:50:00,Location,-0.165855697297,Broken
2015-11-23 19:51:00,Location,-0.165855697297,Broken
2015-11-23 19:52:00,Location,-0.165855697297,Broken
2015-11-23 19:53:00,Location,-0.165855697297,Broken
2015-11-23 19:54:00,Location,-0.165855697297,Broken
2015-11-23 19:55:00,Location,-0.165855697297,Broken
2015-11-23 19:56:00,Location,-0.165855697297,Broken
2015-11-23 19:57:00,Location,-0.165855697297,Broken
2015-11-23 19:58:00,Location,-0.165855697297,Broken
2015-11-23 19:59:00,Location,-0.165855697297,Broken
2015-11-23 20:00:00,Location,-0.165855697297,Broken
2015-11-23 20:01:00,Location,-0.165855697297,Broken
2015-11-23 20:02:00,Location,-0.165855697297,Broken
2015-11-23 20:03:00,Location,-0.165855697297,Broken
2015-11-23 20:04:00,Location,-0.165855697297,Broken
2015-11-23 20:05:00,Location,-0.165855697297,Broken
2015-11-23 20:06:00,Location,-0.165855697297,Broken
2015-11-23 20:07:00,Location,-0.165855697297,Broken
2015-11-23 20:08:00,Location,-0.165855697297,Broken
2015-11-23 20:09:00,Location,-0.165855697297,Broken
2015-11-23 20:10:00,Location,-0.165855697297,Broken
2015-11-23 20:11:00,Location,-0.165855697297,Broken
2015-11-23 20:12:00,Location,-0.165855697297,Broken
2015-11-23 20:13:00,Location,-0.165855697297,Broken
2015-11-23 20:14:00,Location,-0.165855697297,Broken
2015-11-23 20:15:00,Location,-0.165855697297,Broken
2015-11-23 20:16:00,Location,-0.165855697297,Broken
2015-11-23 20:17:00,Location,-0.165855697297,Broken
2015-11-23 20:18:00,Location,-0.165855697297,Broken
2015-11-23 20:19:00,Location,-0.165855697297,Broken
2015-11-23 20:20:00,Location,-0.165855697297,Broken
2015-11-23 20:21:00,Location,-0.165855697297,Broken
2015-11-23 20:22:00,Location,-0.165855697297,Broken
2015-11-23 20:23:00,Location,-0.165855697297,Broken
2015-11-23 20:24:00,Location,-0.165855697297,Broken
2015-11-23 20:25:00,Location,-0.165855697297,Broken
2015-11-23 20:26:00,Location,-0.165855697297,Broken
2015-11-23 20:27:00,Location,-0.165855697297,Broken
2015-11-23 20:28:00,Location,-0.165855697297,Broken
2015-11-23 20:29:00,Location,-0.165855697297,Broken
2015-11-23 20:30:00,Location,-0.165855697297,Broken
2015-11-23 20:31:00,Location,-0.165855697297,Broken
2015-11-23 20:32:00,Location,-0.165855697297,Broken
2015-11-23 20:33:00,Location,-0.165855697297,Broken
2015-11-23 20:34:00,Location,-0.165855697297,Broken
2015-11-23 20:35:00,Location,-0.165855697297,Broken
2015-11-23 20:36:00,Location,-0.165855697297,Broken
2015-11-23 20:37:00,Location,-0.165855697297,Broken
2015-11-23 20:38:00,Location,-0.165855697297,Broken
2015-11-23 20:39:00,Location,-0.165855697297,Broken
2015-11-23 20:40:00,Location,-0.165855697297,Broken
2015-11-23 20:41:00,Location,-0.165855697297,Broken
2015-11-23 20:42:00,Location,-0.165855697297,Broken
2015-11-23 20:43:00,Location,-0.165855697297,Broken
2015-11-23 20:44:00,Location,-0.165855697297,Broken
2015-11-23 20:45:00,Location,-0.165855697297,Broken
2015-11-23 20:46:00,Location,-0.165855697297,Broken
2015-11-23 20:47:00,Location,-0.165855697297,Broken
2015-11-23 20:48:00,Location,-0.165855697297,Broken
2015-11-23 20:49:00,Location,-0.165855697297,Broken
2015-11-23 20:50:00,Location,-0.165855697297,Broken
2015-11-23 20:51:00,Location,-0.165855697297,Broken
2015-11-23 20:52:00,Location,-0.165855697297,Broken
2015-11-23 20:53:00,Location,-0.165855697297,Broken
2015-11-23 20:54:00,Location,-0.165855697297,Broken
2015-11-23 20:55:00,Location,-0.165855697297,Broken
2015-11-23 20:56:00,Location,-0.165855697297,Broken
2015-11-23 20:57:00,Location,-0.165855697297,Broken
2015-11-23 20:58:00,Location,-0.165855697297,Broken
2015-11-23 20:59:00,Location,-0.165855697297,Broken
2015-11-23 21:00:00,Location,-0.165855697297,Broken
2015-11-23 21:01:00,Location,-0.165855697297,Broken
2015-11-23 21:02:00,Location,-0.165855697297,Broken
2015-11-23 21:03:00,Location,-0.165855697297,Broken
2015-11-23 21:04:00,Location,-0.165855697297,Broken
2015-11-23 21:05:00,Location,-0.165855697297,Broken
2015-11-23 21:06:00,Location,-0.165855697297,Broken
2015-11-23 21:07:00,Location,-0.165855697297,Broken
2015-11-23 21:08:00,Location,-0.165855697297,Broken
2015-11-23 21:09:00,Location,-0.165855697297,Broken
2015-11-23 21:10:00,Location,-0.165855697297,Broken
2015-11-23 21:11:00,Location,-0.165855697297,Broken
2015-11-23 21:12:00,Location,-0.165855697297,Broken
2015-11-23 21:13:00,Location,-0.165855697297,Broken
2015-11-23 21:14:00,Location,-0.165855697297,Broken
2015-11-23 21:15:00,Location,-0.165855697297,Broken
2015-11-23 21:16:00,Location,-0.165855697297,Broken
2015-11-23 21:17:00,Location,-0.165855697297,Broken
2015-11-23 21:18:00,Location,-0.165855697297,Broken
2015-11-23 21:19:00,Location,-0.165855697297,Broken
2015-11-23 21:20:00,Location,-0.165855697297,Broken
2015-11-23 21:21:00,Location,-0.165855697297,Broken
2015-11-23 21:22:00,Location,-0.165855697297,Broken
2015-11-23 21:23:00,Location,-0.165855697297,Broken
2015-11-23 21:24:00,Location,-0.165855697297,Broken
2015-11-23 21:25:00,Location,-0.165855697297,Broken
2015-11-23 21:26:00,Location,-0.165855697297,Broken
2015-11-23 21:27:00,Location,-0.165855697297,Broken
2015-11-23 21:28:00,Location,-0.165855697297,Broken
2015-11-23 21:29:00,Location,-0.165855697297,Broken
2015-11-23 21:30:00,Location,-0.165855697297,Broken
2015-11-23 21:31:00,Location,-0.165855697297,Broken
2015-11-23 21:32:00,Location,-0.165855697297,Broken
2015-11-23 21:33:00,Location,-0.165855697297,Broken
2015-11-23 21:34:00,Location,-0.165855697297,Broken
2015-11-23 21:35:00,Location,-0.165855697297,Broken
2015-11-23 21:36:00,Location,-0.165855697297,Broken
2015-11-23 21:37:00,Location,-0.165855697297,Broken
2015-11-23 21:38:00,Location,-0.165855697297,Broken
2015-11-23 21:39:00,Location,-0.165855697297,Broken
2015-11-23 21:40:00,Location,-0.165855697297,Broken
2015-11-23 21:41:00,Location,-0.165855697297,Broken
2015-11-23 21:42:00,Location,-0.165855697297,Broken
2015-11-23 21:43:00,Location,-0.165855697297,Broken
2015-11-23 21:44:00,Location,-0.165855697297,Broken
2015-11-23 21:45:00,Location,-0.165855697297,Broken
2015-11-23 21:46:00,Location,-0.165855697297,Broken
2015-11-23 21:47:00,Location,-0.165855697297,Broken
2015-11-23 21:48:00,Location,-0.165855697297,Broken
2015-11-23 21:49:00,Location,-0.165855697297,Broken
2015-11-23 21:50:00,Location,-0.165855697297,Broken
2015-11-23 21:51:00,Location,-0.165855697297,Broken
2015-11-23 21:52:00,Location,-0.165855697297,Broken
2015-11-23 21:53:00,Location,-0.165855697297,Broken
2015-11-23 21:54:00,Location,-0.165855697297,Broken
2015-11-23 21:55:00,Location,-0.165855697297,Broken
2015-11-23 21:56:00,Location,-0.165855697297,Broken
2015-11-23 21:57:00,Location,-0.165855697297,Broken
2015-11-23 21:58:00,Location,-0.165855697297,Broken
2015-11-23 21:59:00,Location,-0.165855697297,Broken
2015-11-23 22:00:00,Location,-0.165855697297,Broken
2015-11-23 22:01:00,Location,-0.165855697297,Broken
2015-11-23 22:02:00,Location,-0.165855697297,Broken
2015-11-23 22:03:00,Location,-0.165855697297,Broken
2015-11-23 22:04:00,Location,-0.165855697297,Broken
2015-11-23 22:05:00,Location,-0.165855697297,Broken
2015-11-23 22:06:00,Location,-0.165855697297,Broken
2015-11-23 22:07:00,Location,-0.165855697297,Broken
2015-11-23 22:08:00,Location,-0.165855697297,Broken
2015-11-23 22:09:00,Location,-0.165855697297,Broken
2015-11-23 22:10:00,Location,-0.165855697297,Broken
2015-11-23 22:11:00,Location,-0.165855697297,Broken
2015-11-23 22:12:00,Location,-0.165855697297,Broken
2015-11-23 22:13:00,Location,-0.165855697297,Broken
2015-11-23 22:14:00,Location,-0.165855697297,Broken
2015-11-23 22:15:00,Location,-0.165855697297,Broken
2015-11-23 22:16:00,Location,-0.165855697297,Broken
2015-11-23 22:17:00,Location,-0.165855697297,Broken
2015-11-23 22:18:00,Location,-0.165855697297,Broken
2015-11-23 22:19:00,Location,-0.165855697297,Broken
2015-11-23 22:20:00,Location,-0.165855697297,Broken
2015-11-23 22:21:00,Location,-0.165855697297,Broken
2015-11-23 22:22:00,Location,-0.165855697297,Broken
2015-11-23 22:23:00,Location,-0.165855697297,Broken
2015-11-23 22:24:00,Location,-0.165855697297,Broken
2015-11-23 22:25:00,Location,-0.165855697297,Broken
2015-11-23 22:26:00,Location,-0.165855697297,Broken
2015-11-23 22:27:00,Location,-0.165855697297,Broken
2015-11-23 22:28:00,Location,-0.165855697297,Broken
2015-11-23 22:29:00,Location,-0.165855697297,Broken
2015-11-23 22:30:00,Location,-0.165855697297,Broken
2015-11-23 22:31:00,Location,-0.165855697297,Broken
2015-11-23 22:32:00,Location,-0.165855697297,Broken
2015-11-23 22:33:00,Location,-0.165855697297,Broken
2015-11-23 22:34:00,Location,-0.165855697297,Broken
2015-11-23 22:35:00,Location,-0.165855697297,Broken
2015-11-23 22:36:00,Location,-0.165855697297,Broken
2015-11-23 22:37:00,Location,-0.165855697297,Broken
2015-11-23 22:38:00,Location,-0.165855697297,Broken
2015-11-23 22:39:00,Location,-0.165855697297,Broken
2015-11-23 22:40:00,Location,-0.165855697297,Broken
2015-11-23 22:41:00,Location,-0.165855697297,Broken
2015-11-23 22:42:00,Location,-0.165855697297,Broken
2015-11-23 22:43:00,Location,-0.165855697297,Broken
2015-11-23 22:44:00,Location,-0.165855697297,Broken
2015-11-23 22:45:00,Location,-0.165855697297,Broken
2015-11-23 22:46:00,Location,-0.165855697297,Broken
2015-11-23 22:47:00,Location,-0.165855697297,Broken
2015-11-23 22:48:00,Location,-0.165855697297,Broken
2015-11-23 22:49:00,Location,-0.165855697297,Broken
2015-11-23 22:50:00,Location,-0.165855697297,Broken
2015-11-23 22:51:00,Location,-0.165855697297,Broken
2015-11-23 22:52:00,Location,-0.165855697297,Broken
2015-11-23 22:53:00,Location,-0.165855697297,Broken
2015-11-23 22:54:00,Location,-0.165855697297,Broken
2015-11-23 22:55:00,Location,-0.165855697297,Broken
2015-11-23 22:56:00,Location,-0.165855697297,Broken
2015-11-23 22:57:00,Location,-0.165855697297,Broken
2015-11-23 22:58:00,Location,-0.165855697297,Broken
2015-11-23 22:59:00,Location,-0.165855697297,Broken
2015-11-23 23:00:00,Location,-0.165855697297,Broken
2015-11-23 23:01:00,Location,-0.165855697297,Broken
2015-11-23 23:02:00,Location,-0.165855697297,Broken
2015-11-23 23:03:00,Location,-0.165855697297,Broken
2015-11-23 23:04:00,Location,-0.165855697297,Broken
2015-11-23 23:05:00,Location,-0.165855697297,Broken
2015-11-23 23:06:00,Location,-0.165855697297,Broken
2015-11-23 23:07:00,Location,-0.165855697297,Broken
2015-11-23 23:08:00,Location,-0.165855697297,Broken
2015-11-23 23:09:00,Location,-0.165855697297,Broken
2015-11-23 23:10:00,Location,-0.165855697297,Broken
2015-11-23 23:11:00,Location,-0.165855697297,Broken
2015-11-23 23:12:00,Location,-0.165855697297,Broken
2015-11-23 23:13:00,Location,-0.165855697297,Broken
2015-11-23 23:14:00,Location,-0.165855697297,Broken
2015-11-23 23:15:00,Location,-0.165855697297,Broken
2015-11-23 23:16:00,Location,-0.165855697297,Broken
2015-11-23 23:17:00,Location,-0.165855697297,Broken
2015-11-23 23:18:00,Location,-0.165855697297,Broken
2015-11-23 23:19:00,Location,-0.165855697297,Broken
2015-11-23 23:20:00,Location,-0.165855697297,Broken
2015-11-23 23:21:00,Location,-0.165855697297,Broken
2015-11-23 23:22:00,Location,-0.165855697297,Broken
2015-11-23 23:23:00,Location,-0.165855697297,Broken
2015-11-23 23:24:00,Location,-0.165855697297,Broken
2015-11-23 23:25:00,Location,-0.165855697297,Broken
2015-11-23 23:26:00,Location,-0.165855697297,Broken
2015-11-23 23:27:00,Location,-0.165855697297,Broken
2015-11-23 23:28:00,Location,-0.165855697297,Broken
2015-11-23 23:29:00,Location,-0.165855697297,Broken
2015-11-23 23:30:00,Location,-0.165855697297,Broken
2015-11-23 23:31:00,Location,-0.165855697297,Broken
2015-11-23 23:32:00,Location,-0.165855697297,Broken
2015-11-23 23:33:00,Location,-0.165855697297,Broken
2015-11-23 23:34:00,Location,-0.165855697297,Broken
2015-11-23 23:35:00,Location,-0.165855697297,Broken
2015-11-23 23:36:00,Location,-0.165855697297,Broken
2015-11-23 23:37:00,Location,-0.165855697297,Broken
2015-11-23 23:38:00,Location,-0.165855697297,Broken
2015-11-23 23:39:00,Location,-0.165855697297,Broken
2015-11-23 23:40:00,Location,-0.165855697297,Broken
2015-11-23 23:41:00,Location,-0.165855697297,Broken
2015-11-23 23:42:00,Location,-0.165855697297,Broken
2015-11-23 23:43:00,Location,-0.165855697297,Broken
2015-11-23 23:44:00,Location,-0.165855697297,Broken
2015-11-23 23:45:00,Location,-0.165855697297,Broken
2015-11-23 23:46:00,Location,-0.165855697297,Broken
2015-11-23 23:47:00,Location,-0.165855697297,Broken
2015-11-23 23:48:00,Location,-0.165855697297,Broken
2015-11-23 23:49:00,Location,-0.165855697297,Broken
2015-11-23 23:50:00,Location,-0.165855697297,Broken
2015-11-23 23:51:00,Location,-0.165855697297,Broken
2015-11-23 23:52:00,Location,-0.165855697297,Broken
2015-11-23 23:53:00,Location,-0.165855697297,Broken
2015-11-23 23:54:00,Location,-0.165855697297,Broken
2015-11-23 23:55:00,Location,-0.165855697297,Broken
2015-11-23 23:56:00,Location,-0.165855697297,Broken
2015-11-23 23:57:00,Location,-0.165855697297,Broken
2015-11-23 23:58:00,Location,-0.165855697297,Broken
2015-11-23 23:59:00,Location,-0.165855697297,Broken
